Company_Name,Emp_Id,First_Name,Last_Name,Email_ID,Password
Oyoyo,dqo-07,Ellie,Message,emessagemf@vkontakte.ru,lM6Cl75pa
Yoveo,7Lr-61,Aggie,Lovewell,alovewellgc@csmonitor.com,OPE0Xdk
Quimm,2Rt-84,Emeline,Kadar,ekadarcx@spiegel.de,wCiNjr0dZ
Yakijo,2eo-81,Janeen,Paulig,jpaulig9r@berkeley.edu,4VgL4hgNt
Riffpath,pfO-13,Marja,Mcmanaman,mmcmanaman91@intel.com,RsQ7PTQMl
Eamia,gCh-62,Atlante,Ortell,aortelln9@imgur.com,q9QJ1n
Devpoint,Lsu-24,Lyndsay,Currin,lcurrinp1@creativecommons.org,7ElRnKBPBjc8
Edgepulse,GiR-60,Margy,Kimberly,mkimberly5j@naver.com,FV0zRmuTpId
Yadel,ODy-99,Darell,Myrie,dmyrieu@goodreads.com,SvbDFI
Edgepulse,1D0-24,Valaria,Tuttle,vtuttleg0@merriam-webster.com,46rphG
Brainverse,no8-00,Anestassia,Sheards,asheardsc9@mlb.com,MDJ5LgSfj4OC
Demivee,dNS-27,Ellette,Huckster,ehuckster3y@ucoz.com,JtupUifOlt
Kwinu,kwG-93,Constanta,Allsopp,callsoppfc@networkadvertising.org,ws45UN
Rhyloo,P9O-88,Dorey,Tupper,dtupper9k@mediafire.com,WR4Zsra
Trilia,QgG-74,Karlene,Cowherd,kcowherdrb@histats.com,eb23ww5uhYWY
Shufflebeat,O3N-30,Noel,Newport,nnewport43@wired.com,YKlOkMIofulQ
Browsebug,Gex-74,Milena,Gilchrest,mgilchrest7e@sun.com,s9RZPl2d3K7
Twimbo,K0y-55,Ardis,Pretor,apretor13@slate.com,kB6GIaX77D
Brainsphere,nO2-90,Doralynne,Cookes,dcookes5u@indiatimes.com,OIKNKb
Rhyzio,NPT-62,Ki,Thomasset,kthomassete2@amazon.co.jp,ElMUTuTKHiO
Zoovu,nUu-53,Jeanie,Mold,jmold90@psu.edu,Sv3oxs
Yambee,KtI-30,Bobine,Sanper,bsanperl4@reference.com,NS0IiMORu
Kazu,KFA-75,Penelopa,Tammadge,ptammadgekk@mashable.com,WwMJWMH
Ooba,ci3-31,Elbertine,Dovidian,edovidianj7@springer.com,IQjOAGAQ
Babbleset,S8W-41,Celka,Mortlock,cmortlockp3@oakley.com,odjpm9o
Edgepulse,voI-18,Gerti,Leadstone,gleadstoneqd@oakley.com,vR9yitiI
Kayveo,jDW-01,Maryrose,Luciani,mluciani25@lycos.com,FIavfwa
Yodoo,T12-66,Carita,Spaven,cspaven8v@storify.com,rKqnHh
Vinte,gCv-22,Arabela,Batha,abatha4u@stumbleupon.com,pTViRd5D
Quinu,2u5-04,Riva,Purslow,rpurslowrr@discovery.com,uqPsW8o2z4ju
Blogtag,iGW-00,Francesca,Gildersleeve,fgildersleeve31@hatena.ne.jp,j9fxQLSfJz
Fiveclub,7n5-23,Brandie,Phippen,bphippenod@sfgate.com,kKPzmudnHNNF
BlogXS,8FS-63,Joceline,Senn,jsennk4@dedecms.com,a7OMgmksJ95u
Pixoboo,UqN-61,Leshia,Jewett,ljewettkz@merriam-webster.com,Sg7yuO8
Realbuzz,nhd-12,Honoria,Djokic,hdjokic6p@statcounter.com,Z2Mna0ED5ZZZ
Skynoodle,MOH-62,Trudy,Baldoni,tbaldonipc@seesaa.net,kqQfNOzU2LR
Blogspan,wy3-14,Ina,Mazonowicz,imazonowiczg2@marketwatch.com,XpHi15mIxvs
Wikido,lBT-18,Agnese,Ciottoi,aciottoi3v@lulu.com,JYFjeb3RX4lZ
Jayo,WeH-75,Myra,Skurray,mskurrayct@newyorker.com,ccIv6bZdGSV
Mybuzz,mFP-51,Elwira,Tabbitt,etabbittk6@shareasale.com,0t5nV8KKZzQT
Thoughtbeat,qyP-54,Ethel,Dorkin,edorkinde@examiner.com,EjqIgkj7tzAJ
Jabbersphere,2FO-18,Hermione,Riding,hriding3q@mozilla.org,TDnBQ9rp
Buzzster,U5l-38,Renell,Prebble,rprebbleka@surveymonkey.com,BXNjEFQZ4
Cogidoo,Nw7-92,Allegra,Snalum,asnalum2w@unesco.org,qgeXWm7G26
Tavu,JnZ-37,Amity,Farran,afarran6i@123-reg.co.uk,5LtTmg9RW
Rhybox,onY-14,Lisabeth,Janaud,ljanaudn4@t-online.de,AFEkR2G4X
Tagopia,QNr-91,Eleanore,Melross,emelross30@dyndns.org,56eMPuY1TC
Brainverse,LYq-43,Janeva,Kemmis,jkemmispg@ox.ac.uk,buUNp2FX
Livepath,T9p-52,Diahann,Pikesley,dpikesleykv@bing.com,1L3Z4WwXz
Feednation,Dr0-08,Brigitta,Motte,bmotte6d@nature.com,D31BOHP
Gigaclub,new-30,Eada,Malim,emalimj6@51.la,4dc0dCm
Thoughtsphere,nip-56,Devan,Setford,dsetford5k@github.com,i1bNFnH
Devify,Lxk-53,Carmina,Adamkiewicz,cadamkiewicz7a@cafepress.com,qeRCsysn8yJ
Mynte,549-44,Jackqueline,Twort,jtwort99@usgs.gov,Ufql73
Edgeclub,W5T-37,Carolan,McCool,cmccoolbu@si.edu,I8Vzj2
Midel,Hus-86,Ardyth,Boulde,aboulde3j@ft.com,FFOOSz75
Mynte,Shv-85,Danika,Jouanot,djouanotqh@virginia.edu,Mp86Etl6A
Camimbo,Tu3-97,Nesta,German,ngerman79@yelp.com,a47WnTUU
Skyvu,Z4T-34,Kittie,Bidgood,kbidgood4b@examiner.com,wxQWIg3eAJy
Mybuzz,tND-78,Amy,Veivers,aveiversez@indiegogo.com,vfyObnK
Pixope,iuc-15,Meridel,Monini,mmoninim4@disqus.com,dKJqpif
Mycat,QLp-70,Miranda,Capps,mcappsb0@chron.com,6Ea8Gm5
Trudoo,6Ki-41,Norina,Koene,nkoeneaz@usda.gov,5wlxK35
Rhynyx,j0d-38,Joyce,Biggerstaff,jbiggerstaffl0@slideshare.net,EqLuPqd
Yabox,ida-74,Helenka,Rase,hraseee@moonfruit.com,fmJ49aXsW
Jabbertype,Csh-88,Jena,Pattullo,jpattullojy@youtube.com,k7fNqvr
Geba,ghN-81,Murial,Schwerin,mschwerinbo@cpanel.net,6vygrX
Edgewire,iVE-73,Lurleen,McCrainor,lmccrainorfq@skyrock.com,pcJit1rQiHxu
BlogXS,m20-08,Karyn,Stoffers,kstofferskx@plala.or.jp,DMx7Cz
Geba,wGr-72,Constancy,Billie,cbillief2@posterous.com,R8t12UH
Tazz,A7l-91,Cortney,Guiton,cguiton3p@webeden.co.uk,RY2wJHJ
Twitternation,d2J-27,Darelle,Punchard,dpunchardl5@google.co.jp,Afo5DQH0P0j
Meedoo,vG2-03,Leia,Dayborne,ldayborne2u@nsw.gov.au,FspyZDPf
Linkbridge,NVf-54,Juditha,Winborn,jwinbornmx@fotki.com,Drda7LcluFfm
Skajo,UWi-81,Sophia,McIlmurray,smcilmurray44@domainmarket.com,sQGaMx
Zoonoodle,X9B-16,Tate,Cohn,tcohnj4@slate.com,G3RERI4
Mynte,4j8-48,Joela,O'Reilly,joreillyqk@slashdot.org,drmnVEC
Linkbridge,0NK-88,Ginevra,Stair,gstairqm@dailymotion.com,gnuPtCJ04
Devcast,cC8-68,Tabbi,Hugonin,thugoninh8@xrea.com,uYxVgTcSNXj
Yadel,ABg-90,Adrian,Bytheway,abytheway6h@canalblog.com,TIjoGOoSZ
Layo,Bly-77,Jamie,Rich,jrichjr@goo.ne.jp,QJytbQy
Zoomzone,7ry-72,Lynnelle,Sayce,lsayce7@earthlink.net,9Ps01M2
Blogtag,X4J-59,Adel,Sweetzer,asweetzer9w@fda.gov,ymnAt4e
Yadel,dZ7-94,Georgine,Caccavella,gcaccavellat@epa.gov,1vHBGrCW
Katz,Nbg-97,Korie,Wallen,kwallenig@cmu.edu,HGxwHsOvb
Meeveo,xZi-62,Peria,Poxon,ppoxonh3@is.gd,5gCGHbLhAn
Ainyx,5pr-47,Amelina,Downe,adownean@woothemes.com,b0q70AnWsICF
Oyonder,Mb1-82,Jenny,Bedbrough,jbedbroughng@chronoengine.com,RwhauleG
Skaboo,dJ7-62,Celina,Pavlov,cpavlov8n@rediff.com,dmmWTjG
Gevee,9Es-81,Jacquelynn,Sturdgess,jsturdgesslv@illinois.edu,ygbFNDxH
Devpulse,pKg-48,Kandace,Petchey,kpetcheyaq@imageshack.us,YWZX0oHY
Yabox,8Zo-29,Jemimah,Perkis,jperkisay@parallels.com,sdZUtQL
Thoughtstorm,26j-03,Jazmin,Fishpond,jfishpondqg@macromedia.com,H62gNl7
Yombu,Kl8-39,Ada,Arbon,aarbon85@liveinternet.ru,sYYal07sVWT
Riffpath,5XX-29,Galina,Layborn,glayborn8y@google.com,MKO9QmFJuoK
Youspan,4LY-82,Minnie,MacGilpatrick,mmacgilpatrick6o@nyu.edu,Wu7wTGRrX6d
Kazio,NHc-19,Cherida,Ottee,cottee4h@google.fr,0SVS0kQIQpca
Dabtype,ewE-20,Georgeta,Greveson,ggreveson20@theguardian.com,7KoINgII8q
Topiclounge,WpR-42,Alexine,Eronie,aeronie6k@digg.com,qCPKYNy
Fatz,Ty4-07,Emmalee,Igounet,eigounet5g@miitbeian.gov.cn,TCjoHq
Oloo,f4b-53,Layla,Conduit,lconduitlf@addthis.com,I5bjRs
Browsedrive,aAL-49,Gabrielle,Spiring,gspiringhi@telegraph.co.uk,AvmJsyJ
Thoughtblab,oLc-57,Kerianne,Rushford,krushfordl6@dropbox.com,Vvjo75pLkbj
Agivu,AYW-34,Gilberte,Lummus,glummus2b@dropbox.com,pNHcBSsC
Lajo,nui-81,Sisely,Hizir,shiziret@people.com.cn,3tLN0gI5tC
Quamba,qU7-52,Sherri,Orringe,sorringejj@engadget.com,CT5OKTy1Z8m0
Trilith,W4k-17,Sally,Van der Brugge,svanderbruggedz@hao123.com,9SPvbj
Wordware,y3t-29,Jolie,Andrivel,jandriveln6@myspace.com,q0bdMjbD
Meevee,SJl-77,Evania,Kilmartin,ekilmartinju@devhub.com,oqkSDdnJn
DabZ,hiu-83,Alikee,Janeczek,ajaneczekrn@ovh.net,D1Z6s1
Dabshots,A3s-67,Tessa,Hale,thaleem@google.co.jp,1QgcDuPiqqku
Aivee,9u3-28,Saba,Stainfield,sstainfieldfa@fastcompany.com,62UuJsY1
Pixoboo,AH6-04,Jillene,Ghidini,jghidiniky@sfgate.com,Ee7cirfe
Dablist,Qe2-31,Honor,Dukesbury,hdukesbury8b@imgur.com,H37NG9k87
Quimba,Q7l-05,Sofia,Cumberpatch,scumberpatchko@is.gd,VDBpAeYYA7X
Muxo,rFL-07,Ada,Impey,aimpey6b@ezinearticles.com,kiFYkC2
Gigabox,9vf-65,Evita,Bugg,ebugg6n@google.co.jp,NN1cui
Skidoo,auk-79,Sofie,McGeffen,smcgeffend1@yellowbook.com,q9jDZU7GvjsH
Fliptune,4kP-85,Blair,Irvin,birvin8e@adobe.com,5kYbTt4LT
Flashspan,tna-92,Ofella,Ashelford,oashelfordip@go.com,buYX6hxvOM
Zooxo,GNJ-33,Delores,Kelso,dkelso5x@acquirethisname.com,iwK74Oi
Layo,Zot-38,Dione,Cranfield,dcranfieldea@webmd.com,iYyW7zXe
Feednation,ejm-29,Anna-diane,Vivers,aviversjs@skype.com,t5hr9fkZ
Eamia,7RU-90,Ronni,Pynn,rpynnj3@nhs.uk,ePqvrynWc
Riffwire,y5J-44,Chandra,Peret,cperetbe@berkeley.edu,a3IpbeT0P
Yodel,MYa-93,Tildy,McCalister,tmccalisterkl@is.gd,CLSqps
Topiclounge,7ry-72,Lynnelle,Sayce,lsayce7@earthlink.net,6gbFQWz
Izio,zH4-49,Allyn,Meysham,ameysham1x@fda.gov,rMYvMlr8K
Zoombeat,Yom-28,Brittni,Grindall,bgrindallac@people.com.cn,ZsaQyb7Mf
Rhyloo,cHw-99,Cathy,Johananov,cjohananov8d@behance.net,Zqzk7jzmpHT
Dabfeed,oLc-57,Kerianne,Rushford,krushfordl6@dropbox.com,9dxRcN
Wordware,m36-50,Leandra,Spatig,lspatigks@lycos.com,mzyTWm
Jaxbean,pKg-48,Kandace,Petchey,kpetcheyaq@imageshack.us,NTfklij24
Youbridge,k9O-32,Lorette,Milberry,lmilberryz@seattletimes.com,qaxSrXZF7H
Riffpath,TZA-12,Farrah,Schusterl,fschusterlkb@nasa.gov,4spbSzhJ8
Einti,hMK-51,Adrienne,Clurow,aclurowbt@upenn.edu,O3SxqI
Edgeclub,rHT-55,Lucie,Wynrahame,lwynrahame48@icq.com,je7egnBmcA
Gabvine,iVE-73,Lurleen,McCrainor,lmccrainorfq@skyrock.com,u75FugQiZG
Oyoyo,JO1-88,Amalee,Jacquemy,ajacquemycw@illinois.edu,DYWqXCq
Bubblemix,iVb-20,Enrica,Jachimiak,ejachimiaknm@comsenz.com,ZZnOB2AqHvy
Vinder,Ypd-78,Wenona,Barhams,wbarhamsc6@friendfeed.com,yOnXZd9STjy
Babbleopia,KtI-30,Bobine,Sanper,bsanperl4@reference.com,gEvv3nlfJag
Midel,4aU-55,Mirilla,Thynne,mthynnefu@chron.com,xqUjWkhwf
Agimba,R3R-23,Terrye,Sainte Paul,tsaintepaulrf@go.com,15McrNEZg
Gigashots,te4-71,Lorelei,Darragh,ldarraghbs@time.com,BB8Lb3qD
Wordware,a8E-36,Lenette,Andreone,landreoner0@constantcontact.com,oZRz31leZ
Pixonyx,URM-97,Drucie,Lenthall,dlenthallk8@rakuten.co.jp,bvsW3b9mY
Izio,rLW-16,Winni,Madre,wmadrejl@quantcast.com,2fiYIulP
Zoomdog,tz1-68,Mozelle,Scrimshire,mscrimshirebb@so-net.ne.jp,7DkaStnp
Voonix,Au6-46,Rosie,Byles,rbylesoc@phoca.cz,kGUCQfeDqF0I
Oodoo,X4C-42,Ranee,Ochiltree,rochiltreelj@smh.com.au,pFr1nvjt2Yur
Dynabox,grR-14,Jordan,Crabbe,jcrabbe77@infoseek.co.jp,5DrAB9n
Snaptags,Ie6-51,Lorilyn,Clyant,lclyantiu@google.ca,jFE1DwVpL
Avavee,new-30,Eada,Malim,emalimj6@51.la,6XAMkDX1r
Oloo,VWb-92,Felecia,Sowman,fsowmanec@amazon.de,UaCRg0
Quimm,fNR-41,Josy,Heighton,jheightonob@ifeng.com,BdwBqb
Zoomzone,Ph4-12,Katey,Faudrie,kfaudrieai@ca.gov,Zuu78aknUJH
Kayveo,yyd-25,Sibylle,Braune,sbraunepb@illinois.edu,UnAF5oW
Brainsphere,UPB-29,Nicole,Lunge,nlungehu@yolasite.com,g2XZ4l8RUCw
Skippad,A69-41,Norri,Castilla,ncastillah9@bravesites.com,rxs4HXDuUL5
Linklinks,Nu8-79,Shandra,Boick,sboickr6@google.cn,Sh8uyX7T
Fiveclub,m9O-99,Becca,Herculeson,bherculeson94@umich.edu,CSc05s
Thoughtblab,WS4-06,Wendeline,Dowd,wdowd7g@vk.com,5AETwomUNv
Topiczoom,5UV-05,Glen,Harfoot,gharfoot15@naver.com,kGHSnUE5jHz
Zoomlounge,EDp-45,Jessa,Prazor,jprazorqj@i2i.jp,Xz37EamUBMcR
Photojam,O9f-62,Lilli,Spleving,lsplevingex@dedecms.com,zXZHZJWyKx
Eare,NLa-72,Margy,Pautot,mpautotgl@plala.or.jp,i8eRwM
Kwideo,zZn-61,Marti,Onele,monelelh@meetup.com,YFbD4Y0zH
Tagchat,3tv-73,Jorie,Corzor,jcorzorix@youtube.com,x5NEtm52
Divape,NsR-83,Marys,Muneely,mmuneelynn@trellian.com,BZogggx
Ozu,UhN-81,Bryana,Camfield,bcamfieldgh@berkeley.edu,E8bhHmmOofuw
Blogtag,YjA-52,Emlynne,Poolman,epoolman21@accuweather.com,AZbGZrEg6
Kazio,IKL-35,Amelina,Giercke,agierckee3@apple.com,shbMBwH0a
Chatterpoint,hDN-98,Beverlie,Mallows,bmallowsb2@livejournal.com,RrZwYTRo1HPs
Meevee,hZC-85,Devora,Toppin,dtoppino1@issuu.com,QcQlkr
Edgewire,QNn-25,Happy,Domesday,hdomesdayps@sohu.com,fYLIIVWBn
Mynte,di6-79,Hadria,Markson,hmarksonce@g.co,hSgBVEiMBGGB
Skimia,HUN-55,Farah,Pilgram,fpilgramrl@multiply.com,WyuNLS
Oloo,g5D-54,Marty,Siddall,msiddallfg@abc.net.au,r8s0gOZta4l
Plajo,Vpd-95,Shela,Janu,sjanuhf@indiegogo.com,vI6J3T
Twitterworks,PUS-97,Arleyne,Cadden,acadden71@clickbank.net,fSO2d92tAMg
Gabtune,9vf-65,Evita,Bugg,ebugg6n@google.co.jp,uqyUEnEQ
Rhyzio,kDb-69,Jeannie,Vanyashin,jvanyashinc4@myspace.com,r8erbzRnUU
Lajo,OIq-69,Marissa,Bonnet,mbonnetkg@ibm.com,SkDAyqSd1V
Yombu,yWA-87,Kelci,Newiss,knewisskm@barnesandnoble.com,5IAdLq
Plajo,2Sk-40,Gussy,Isakovic,gisakovichl@ning.com,6csFUg
Eazzy,7BK-49,Ester,Grayshan,egrayshana3@cpanel.net,6FxTm8lC
Meezzy,q9V-27,Lu,Gobolos,lgoboloshz@springer.com,GckDmSwKD7J
Gigaclub,lnM-86,Tamqrah,Llywarch,tllywarchrk@dailymail.co.uk,W7syGEqMffK
Fiveclub,O0t-31,Chrysa,Brewster,cbrewsterw@arizona.edu,UPtqc0zD5
Zoonder,Jy1-69,Farrand,Mortell,fmortell4j@washington.edu,PubKCDq2LLI
Thoughtstorm,Oqx-39,Barbra,Splevins,bsplevins7b@amazonaws.com,RkG0cxzINOX
Yambee,jGw-09,Marcie,Algar,malgari6@yellowpages.com,PU5ZMLK
Flashpoint,5Dw-74,Siana,Vizard,svizard38@newsvine.com,4x72ZTXzG9X
Bluezoom,fs2-71,Anselma,Sprowell,asprowellnq@soundcloud.com,EM85I3px
Twitternation,jDW-01,Maryrose,Luciani,mluciani25@lycos.com,1WldqHS
Brainbox,S9Y-57,Corrina,Nial,cniali0@1und1.de,uoxdbzNMcFa
Jaxnation,mFP-51,Elwira,Tabbitt,etabbittk6@shareasale.com,SodKgFMN
Yotz,EpO-23,Mollie,Radbourne,mradbournecf@tripadvisor.com,00s0eV
Tazz,eQn-14,Liana,Munt,lmuntiw@walmart.com,nZLmbl
Brainsphere,xEE-24,Layne,Radbourne,lradbournedo@admin.ch,zjmSLMtiQN
Jayo,IMw-64,Gwyn,Wing,gwing3a@liveinternet.ru,S3yzBziXA
Topiclounge,RKH-00,Carlotta,Poles,cpolesca@devhub.com,D0dq2ytpg9k
Kazio,Ukd-01,Bree,Ridder,bridderm0@spiegel.de,yW2dDxHzU
Tazzy,mYb-56,Rozella,Sockell,rsockellf7@unesco.org,XL3ylt
Topiczoom,hZB-11,Sheeree,Mattielli,smattiellik1@baidu.com,qw9rbwW1JSye
Skimia,LTx-41,Jessika,Daltry,jdaltryj5@techcrunch.com,mIMK6kRfhad
Ainyx,F5I-82,Lynsey,Delhanty,ldelhantyeh@instagram.com,iGXHOL
Geba,BjA-55,Jillana,Bollini,jbollinijb@bloomberg.com,U0anglf7j6
Yotz,qo5-04,Leonelle,Scotson,lscotsond7@hugedomains.com,FWkCwkkIgwvz
Thoughtworks,j3S-82,Tonya,Fairbard,tfairbardi5@opera.com,Xo32Rejq
Centidel,PNR-27,Aveline,Boulter,aboultergz@themeforest.net,x88PQYx
Teklist,jQi-51,Sonia,Extence,sextencek0@vistaprint.com,gNbeVVLwf
Zooveo,KYk-44,Gail,Margerison,gmargerisonl7@reuters.com,3DZc5EMi3
Kazu,efj-30,Meade,Corcut,mcorcut36@feedburner.com,KFwIbHt
Devpoint,AUf-41,Bernette,Ruseworth,bruseworthic@go.com,jmz1xciWIXAT
Flipstorm,jGq-31,Vicky,Tucker,vtucker3t@discuz.net,V6InFZerzrW
Eabox,4wK-55,Charissa,Canto,ccantoo4@pcworld.com,YBhnuIk3cu
Gevee,OeK-94,Sally,Boutell,sboutell9l@deviantart.com,LDJevaX2Sr
Dynabox,ruz-19,Dita,Blandamore,dblandamored5@prlog.org,mV6Q7tX4o
Podcat,DpB-74,Marta,Normabell,mnormabellaj@sbwire.com,GPm2zmZ0G56
Gabtune,zwv-48,Ondrea,Edgerley,oedgerleyaf@forbes.com,ZY7biPbo9zVL
Bubbletube,NVf-54,Juditha,Winborn,jwinbornmx@fotki.com,11tnYX0y
DabZ,kCV-46,Janka,Birtwell,jbirtwellbr@icio.us,dk9lnm
Centimia,0c4-97,Donnie,Romain,dromain2g@boston.com,DPKlImQ281
Realpoint,r8b-14,Cecile,Fossey,cfossey7p@forbes.com,dRaeZRokOb
Ailane,4Kc-92,Aprilette,Backhouse,abackhouse7u@jugem.jp,xOw8d4Bjab
Thoughtbeat,pfO-13,Marja,Mcmanaman,mmcmanaman91@intel.com,AvDInnT
Photospace,xZi-62,Peria,Poxon,ppoxonh3@is.gd,CYFjjhlT
Buzzbean,Uza-51,Hilde,Clayborn,hclayborn3@mtv.com,dhA3hFCxD
Linkbuzz,Kl8-39,Ada,Arbon,aarbon85@liveinternet.ru,IXqZwPpSbo
Skajo,SQ8-82,Dierdre,Aggiss,daggiss78@apache.org,S6RPvBZ9lf
Fivespan,kt0-29,Anastasia,Friberg,afribergnj@simplemachines.org,Bgng9dVMt
Gigaclub,xyu-88,Hetti,MacNulty,hmacnulty7x@netlog.com,lJjndL8OJP
Devify,Yql-47,Hannis,Josephsen,hjosephsend8@admin.ch,0yj5BxWN
Jetpulse,4PO-86,Brana,Pittock,bpittock1r@patch.com,BiRMEvNn
Gigashots,QgE-35,Jessica,Baskerfield,jbaskerfieldii@quantcast.com,Q8S0NVl
Kare,MuA-36,Oliy,Denver,odenverp@statcounter.com,QDYokN
Skyvu,mqR-62,Madelon,McCree,mmccreefh@usa.gov,UsRmgKJ4Anq
Twimm,WAB-48,Clarisse,Blanch,cblanchlo@yandex.ru,f9buJuSUmn
Realmix,oKL-34,Josephina,Kingswoode,jkingswoode92@wp.com,XSscre
Trudoo,JfE-11,Sybille,Ruzic,sruzicf6@huffingtonpost.com,ZBJrTUPDfra
Lazz,0om-21,Adella,Netley,anetleyb@whitehouse.gov,Pp4GEo
Jayo,Pt2-38,Verena,Mulberry,vmulberrygk@squarespace.com,Bjmsiie5u6
Leexo,AmQ-58,Lanita,Turone,lturoneoe@livejournal.com,4gbLZ0cc
Nlounge,tZX-14,Kaitlynn,Youel,kyouelm5@mozilla.com,pze7pJrQ
Topiclounge,Mb1-82,Jenny,Bedbrough,jbedbroughng@chronoengine.com,yisPUocj
Teklist,5OT-05,Lee,Filkov,lfilkov81@wsj.com,wCFd2vJE
Fivechat,IZb-15,Berri,Jindrich,bjindrich68@un.org,uZHaYA
Feedbug,7Ca-32,Orelie,Pridgeon,opridgeon6l@angelfire.com,o2NxZ6Ex
Jabbersphere,ewE-20,Georgeta,Greveson,ggreveson20@theguardian.com,KfaDBn6h1mxl
Skyble,PpB-66,Ronalda,Mudd,rmudd3z@xrea.com,za0LzUM
Jetpulse,ot7-44,Remy,Balstone,rbalstoneno@marketwatch.com,lv2mBBQm
Gigabox,0vs-05,Maggy,Owens,mowensn@answers.com,QgqpVMqzZd
Flashdog,mL0-21,Dosi,Purbrick,dpurbrickmn@vk.com,Og6cIYYK
Blognation,n1d-98,Bevvy,Surgen,bsurgenrq@tripadvisor.com,d0IlfZc4uY
Twitternation,Zot-38,Dione,Cranfield,dcranfieldea@webmd.com,gwypnz288JP
Zoomcast,H9J-43,Alys,Redford,aredfordi8@miibeian.gov.cn,bGA1oX
Flashpoint,3D3-73,Alene,Goacher,agoacher2f@behance.net,7oc0u9UA
Topiczoom,aBW-32,Doris,Houseman,dhousemanpu@webeden.co.uk,NK7dyS
Miboo,UCy-96,Sisely,Cordero,scorderob5@aboutads.info,LMUA5c1U
Vidoo,6mr-84,Nolana,Edlyne,nedlynep9@plala.or.jp,3ogdT5
Fivespan,JO1-88,Amalee,Jacquemy,ajacquemycw@illinois.edu,93073CIlMDu
Photofeed,nuC-45,Madelaine,Pennazzi,mpennazzidv@globo.com,CreTAm2tk
Realmix,RGq-91,Sella,Wanklyn,swanklyno3@newsvine.com,SJJKuaZ2VapF
Topdrive,IH0-22,Oneida,Ferroni,oferronic2@economist.com,Um1AlLztEoVp
Flashpoint,pXa-23,Kiley,Champe,kchampefn@house.gov,yd2iFaErRj
Mynte,zVk-66,Karlotte,Raddish,kraddish72@ihg.com,DPnsJWVhMD
Devcast,5lf-64,Quintana,Crumbie,qcrumbie3o@smh.com.au,E8GBAmdV39
Teklist,if2-95,Shellie,Currao,scurrao66@dell.com,W04T3d
Quinu,dNS-27,Ellette,Huckster,ehuckster3y@ucoz.com,SXJXYuN04B20
Realbridge,52t-84,Ramonda,Kane,rkane5@geocities.jp,WD08VssR
Babbleblab,kDb-69,Jeannie,Vanyashin,jvanyashinc4@myspace.com,rQn2ns
Livetube,veL-88,Fiann,Climar,fclimar9s@webnode.com,RQbg1D
Topicblab,hDN-98,Beverlie,Mallows,bmallowsb2@livejournal.com,ggDIptxKopYf
Kazu,pfO-13,Marja,Mcmanaman,mmcmanaman91@intel.com,2xy4BcmeN
Gigashots,HUj-74,Jacynth,Clows,jclowshw@pagesperso-orange.fr,MRpU58JwT
Yombu,7Lr-61,Aggie,Lovewell,alovewellgc@csmonitor.com,BNsHPajMnNL0
Yambee,dQ5-98,Ann-marie,Threadgold,athreadgoldmb@gnu.org,eeugJZ0JhQ
Riffpedia,ync-97,Anissa,Van Halle,avanhalleoo@mashable.com,A1Hfyj1h
Skivee,UBZ-88,Madalena,Trude,mtrude1d@lycos.com,9uYJp0Pc
Quatz,RbV-71,Maxy,Povlsen,mpovlsendk@cornell.edu,j58b3k4GvOP
Tazz,MF6-96,Eddi,Eardley,eeardley8k@meetup.com,GjtplISn
Jabbertype,IVd-83,Maureen,Banfill,mbanfill97@typepad.com,lfgPugCzaOCh
Demivee,6mx-90,Nanon,Wandrich,nwandrichrj@miibeian.gov.cn,4bPx9Aq81slO
Thoughtstorm,GNJ-33,Delores,Kelso,dkelso5x@acquirethisname.com,LHNY3N3C
Jamia,RRB-52,Clareta,Chasemore,cchasemorenh@nih.gov,UVCAogwYfJ
Quimba,zwv-48,Ondrea,Edgerley,oedgerleyaf@forbes.com,2zViS7RqSdi
Bluejam,xEE-24,Layne,Radbourne,lradbournedo@admin.ch,dPBqQyS8
Photojam,HUY-32,Deny,Carthy,dcarthy6m@infoseek.co.jp,VNho9Rk5yLO4
Midel,PPI-05,Ardyce,Betonia,abetonia5a@jugem.jp,40qvNY1fJW
Edgeify,Qf3-98,Doralin,Frossell,dfrossell4d@issuu.com,LEvpnNrK
Linkbridge,NLa-72,Margy,Pautot,mpautotgl@plala.or.jp,pNlexA
Trilia,WeH-75,Myra,Skurray,mskurrayct@newyorker.com,p65b2Iu76r
Twitterbridge,OIq-69,Marissa,Bonnet,mbonnetkg@ibm.com,lLYXEqCrp
Thoughtmix,9u3-28,Saba,Stainfield,sstainfieldfa@fastcompany.com,hqyTcsV5KS
Jabbersphere,Ntl-06,Harmony,Utley,hutleyd3@mozilla.org,ZJtP4ZlWzEGF
Vipe,i0w-31,Lezlie,Barfford,lbarffordlk@japanpost.jp,PO4Hbxw4
Rhynoodle,Q7l-05,Sofia,Cumberpatch,scumberpatchko@is.gd,IzB4r1fl8B
Yabox,mOW-61,Raquela,Livingstone,rlivingstonem8@economist.com,bUzBO1EQ2BGI
Layo,nT4-02,Elfreda,Flecknoe,eflecknoegi@macromedia.com,qGNWFNt
Plajo,CbN-91,Loralyn,Eilhermann,leilhermann4@pinterest.com,7SwSmg
Fivespan,wBk-12,Alexis,Ribey,aribeyqf@craigslist.org,hrzpIo
Thoughtmix,jnj-29,Lu,Vokins,lvokinsqt@networkadvertising.org,ieCA0D
Jabbersphere,mKu-97,Luella,Ogle,logle1m@seattletimes.com,h8W1MiCfpmY
Dynava,h5x-34,Bree,Serrell,bserrello8@mac.com,lBVcrjpsogz
Lajo,zXm-89,Kim,Goldin,kgoldinp2@webmd.com,nciHJCr9
Brightbean,rHT-55,Lucie,Wynrahame,lwynrahame48@icq.com,MetdHA
BlogXS,MI6-88,Selia,Castagna,scastagnaln@nymag.com,7DU468i
Quinu,Yom-28,Brittni,Grindall,bgrindallac@people.com.cn,PTjFNZHCW1k
Ooba,Gex-74,Milena,Gilchrest,mgilchrest7e@sun.com,3eomZKqCfIZ
Mycat,7Ca-32,Orelie,Pridgeon,opridgeon6l@angelfire.com,cQ0XbOi6sB
Pixoboo,bbQ-58,Merna,Udale,mudaleq8@acquirethisname.com,z9xA5nj1QT
Tavu,Bsl-02,Konstance,Croucher,kcroucher4w@oaic.gov.au,pCcc7ChQjeY
Eamia,k9O-32,Lorette,Milberry,lmilberryz@seattletimes.com,KzjXH8lwU
Lazzy,P6Z-95,Shandy,Dentith,sdentithef@istockphoto.com,0ok8HLq
Yodel,qKl-85,Melania,Huntley,mhuntleyhq@skype.com,wyilQo
Fatz,Atb-40,Ray,Hammant,rhammantp8@ovh.net,PoWm0Ec5
Dynazzy,6UC-61,Demeter,Deakan,ddeakanbl@creativecommons.org,H5q08Kmj
Yoveo,Jj9-97,Morgen,Madgin,mmadginq2@ameblo.jp,dY4qgz4Lw
Thoughtmix,Jv9-85,Linn,Eyer,leyer51@google.ru,csXrF3UFGDth
Kare,EJd-97,Bria,Zeale,bzealecl@live.com,xj4F6ETM9q
Midel,Ph4-12,Katey,Faudrie,kfaudrieai@ca.gov,mv04HEIZ9S
Roomm,l80-88,Velvet,Weatherdon,vweatherdonr5@php.net,f7R6M9V60j
Babbleopia,Woz-11,Vita,Beldum,vbeldumqu@intel.com,jOOfEpr2nB
Feedfish,sD8-63,Leslie,Newlands,lnewlandsf9@ihg.com,kbtxfa
Buzzster,zbx-82,Maureene,Scollick,mscollickm3@blogs.com,s1R9hR6
Vidoo,nra-15,Pandora,Forryan,pforryan98@mediafire.com,QrIyiiS
Meezzy,2ON-64,Benoite,Breache,bbreacheoa@irs.gov,rXJNGE
Edgeclub,RQz-69,Concettina,Demschke,cdemschkeih@stanford.edu,ESCwVzDz
Topiclounge,m36-50,Leandra,Spatig,lspatigks@lycos.com,w7PbX2Mj
Eayo,BjA-55,Jillana,Bollini,jbollinijb@bloomberg.com,Qnj5ylPljqD
Oyoyo,te4-71,Lorelei,Darragh,ldarraghbs@time.com,yato60sz6CRX
Kayveo,oKL-34,Josephina,Kingswoode,jkingswoode92@wp.com,fUgJ2G0s
Wikivu,QGX-00,Janetta,Eccleston,jecclestonl3@europa.eu,YQ76Qql
Oyoloo,fTR-95,Raphaela,Tiltman,rtiltman50@gravatar.com,8TZm0i3
Twitterbridge,hiu-83,Alikee,Janeczek,ajaneczekrn@ovh.net,VvpSYCkhS9Rp
Centimia,a8E-36,Lenette,Andreone,landreoner0@constantcontact.com,VqRtGbol
Innotype,hqb-64,Seana,Collins,scollinsgw@yahoo.com,cMitEWI8L
Agivu,KmQ-79,Ericka,Hedde,ehedde8x@si.edu,SNq9l9
Cogibox,JA2-23,Anastasia,Bolam,abolamjg@usa.gov,S3nUjTJG73
Wikivu,gZQ-89,Ingaborg,Larratt,ilarrattq5@about.com,XssMu1yGfQ40
Katz,0OR-05,Philippine,Kelsell,pkelsellov@pcworld.com,lF3V9u
Skyndu,qyP-54,Ethel,Dorkin,edorkinde@examiner.com,XWoYA7izJc
Jabberstorm,A69-41,Norri,Castilla,ncastillah9@bravesites.com,xRdKZz
Skibox,kcZ-91,Candida,Tomaini,ctomaini2h@slate.com,p8uFvGAQH
Babbleset,PNR-27,Aveline,Boulter,aboultergz@themeforest.net,xOmHPk0w
Mybuzz,532-01,Bridie,Sollner,bsollnere1@noaa.gov,nXbc7Z8xF
Riffpath,3DH-40,Katie,Straw,kstrawha@mac.com,hjdLrFvl
Tazz,Jvy-51,Jorie,Blackader,jblackaderol@foxnews.com,lxHKjqXkOHZ
Skajo,ASg-78,Kira,Wayt,kwayt9p@apple.com,3KnVqXK08
Dabfeed,MSo-87,Darlleen,Batie,dbatie34@hugedomains.com,4IOwHTs
Twimbo,bIk-32,Odele,Poplee,opopleeam@amazon.co.uk,V6Q1JG
Abata,kb1-97,Angy,Varney,avarney5f@baidu.com,r4EMcvM1skj3
Skinix,Lr1-43,Rica,Willcock,rwillcockoz@ameblo.jp,Nt8JmcpJ9d
Edgepulse,9kq-00,Karole,Goldstone,kgoldstonept@google.com,gR5iibHKF56M
Quimba,5iT-22,Lexie,Brookes,lbrookesh7@creativecommons.org,xoAcbRADyn
Rhynyx,I6e-57,Jobey,Foskett,jfoskett7c@soup.io,3tUNEHLw
Quimm,7RU-90,Ronni,Pynn,rpynnj3@nhs.uk,tWKa9CWv
Skiba,I1i-14,Steffie,Kinnie,skinniem6@scribd.com,84aIBynLYxyv
Bluezoom,S5Y-76,Fred,Medland,fmedland2v@posterous.com,cBg9eYyhv645
Wikido,CI1-68,Xaviera,Drysdale,xdrysdale1u@scribd.com,s1uropm
Zoomzone,RHP-38,Martica,Behling,mbehlingv@about.com,qnWlMBp7ulbF
Zoovu,Au6-46,Rosie,Byles,rbylesoc@phoca.cz,60Sml4tf118
Dynava,SGe-74,Therese,Pinkerton,tpinkertonco@free.fr,F9QuW1YBTv
Kimia,cNH-41,Anastasia,Coneau,aconeau28@wired.com,Su8sBU9A
DabZ,e9B-75,Orsa,Klemt,oklemtej@answers.com,9JVcgdIbC5Y
Kare,byf-70,Ingrid,Peachman,ipeachmanbz@printfriendly.com,tXbsWg
Trilia,K6n-07,Vivie,Farra,vfarrani@indiatimes.com,ZHzHvIVYUj
Bubblemix,KNf-87,Zelma,Bosward,zbosward4o@house.gov,DKmvARIowlNd
Tavu,OnM-75,Ondrea,Topley,otopleyph@opensource.org,SsE3qAV
Quatz,snf-81,Adora,Castellone,acastellone3s@fastcompany.com,0n5w4ZdLe
Skyvu,jGw-09,Marcie,Algar,malgari6@yellowpages.com,RVih79T8t
Vitz,gQH-33,Rafa,Gregolotti,rgregolotti10@imdb.com,GTPr6k6T
Yata,8KI-30,Diannne,Maciunas,dmaciunas67@i2i.jp,yZOzYE
Kwinu,JA2-23,Anastasia,Bolam,abolamjg@usa.gov,yWXBop
Rhynyx,dNS-27,Ellette,Huckster,ehuckster3y@ucoz.com,NYklwx
Twinder,97a-79,Agnella,Coppledike,acoppledikenf@unc.edu,6brbAl7Osh
Edgeify,msS-79,Dulcine,Rumford,drumfordp7@sitemeter.com,6LnxjuGV6k
Tagcat,WpR-42,Alexine,Eronie,aeronie6k@digg.com,SQTy0Ozi6
Skajo,gHv-76,Mari,Gentry,mgentry1p@ca.gov,eFegXfEov
Vinder,VzM-50,Chrystal,Glowacha,cglowachao9@altervista.org,XqLW9ODPnl56
Rhynyx,oW9-61,Katleen,Rosso,krossox@walmart.com,JmxY5BTpKS8Z
Devpulse,fJY-96,Devina,Silwood,dsilwoodi3@hao123.com,KYU3xkOX
Thoughtmix,mrb-97,Ashien,Latehouse,alatehouse7s@weather.com,03LV7R1
Rooxo,Ie6-51,Lorilyn,Clyant,lclyantiu@google.ca,accK67j
Midel,e5i-88,Benedikta,Hurdedge,bhurdedgeqo@mysql.com,uRNByRjMxvS
Tazz,sv6-25,Lorna,Beckingham,lbeckingham4z@wikispaces.com,3YMVa9i
Plambee,RMN-81,Shirleen,Tatterton,stattertoneb@washingtonpost.com,uw7lp0X
Yodoo,VWb-92,Felecia,Sowman,fsowmanec@amazon.de,wNl0Be
Demivee,jGq-31,Vicky,Tucker,vtucker3t@discuz.net,Du5Xjhb
Myworks,Kmz-46,Calli,Kenright,ckenright1@wsj.com,fpoKHHNZ
Meevee,AaH-95,Robinett,Giles,rgilesl1@godaddy.com,hfyVQbdso
Buzzster,DpB-74,Marta,Normabell,mnormabellaj@sbwire.com,Oq0wuQBkRRf
Devify,LVu-44,Angy,McCullogh,amcculloghlu@cnbc.com,JvYpkRup0yF
Skimia,obK-12,Malorie,Brewood,mbrewood2y@google.es,el1DJQh
Tagopia,F1m-82,Tine,Maureen,tmaureenn2@ox.ac.uk,aiSztu0epL
Kazio,ejm-29,Anna-diane,Vivers,aviversjs@skype.com,gt3V5E
Agivu,0OR-05,Philippine,Kelsell,pkelsellov@pcworld.com,kFHZ4Mi
Yamia,A9A-95,Collen,Dysert,cdysert95@addtoany.com,ySAeg3vm9U
Feednation,Ph4-12,Katey,Faudrie,kfaudrieai@ca.gov,epaghZOJzc1G
Ooba,Jzv-72,Idaline,Stolze,istolze89@sciencedaily.com,5nje4RY
Gevee,wMo-56,Sianna,Meharg,smeharg6q@vkontakte.ru,GjQgMxD
Buzzbean,6ew-61,Lisette,Wrates,lwrateshj@hud.gov,Od9inN93
Cogidoo,D3A-96,Winna,Schurcke,wschurcke53@123-reg.co.uk,LstgxzvrNcIc
Buzzdog,lBX-00,Kary,Gobat,kgobat8@gizmodo.com,tJCVf2Ug4ZVh
Brainlounge,eQn-14,Liana,Munt,lmuntiw@walmart.com,efrjW8
Thoughtbridge,R5N-24,Vilhelmina,Jeffcoat,vjeffcoat8a@wikimedia.org,X0gWrCfFp1WU
Mybuzz,k4X-05,Andy,Seger,asegerch@bbc.co.uk,RBmJwsMxa
Trilia,Gex-74,Milena,Gilchrest,mgilchrest7e@sun.com,yAzH6atM5h
Tazz,2u5-04,Riva,Purslow,rpurslowrr@discovery.com,SrdLWu
Babbleblab,e9B-75,Orsa,Klemt,oklemtej@answers.com,61SB1GC0dxSV
Kwimbee,9vf-65,Evita,Bugg,ebugg6n@google.co.jp,bAZgCDs8Fj
Feednation,xkL-15,Chiarra,McAsgill,cmcasgillfr@live.com,J0qvJomb
Yakitri,I6e-57,Jobey,Foskett,jfoskett7c@soup.io,iqbmxbCkk
Trilia,QyP-56,Dodi,Stutte,dstuttelt@independent.co.uk,Udv4bWEVE
Youbridge,h5x-34,Bree,Serrell,bserrello8@mac.com,TPsGd1kOA
Podcat,RbV-71,Maxy,Povlsen,mpovlsendk@cornell.edu,gERNzEkUeFct
Jaxnation,YJm-85,Lanny,MacGillreich,lmacgillreich11@nifty.com,tkWkNA
Mita,m20-08,Karyn,Stoffers,kstofferskx@plala.or.jp,m4a73k55Xt4I
Abata,Y9Q-30,Tobi,Maybey,tmaybeyf5@e-recht24.de,ydz6ei
Skajo,IC8-18,Jesse,Simonato,jsimonato8z@mit.edu,BOY6bg
Gigaclub,bP4-11,Merle,Seward,msewardfk@latimes.com,uqGF8J1ToM
Photofeed,Lxv-99,Donia,Beckenham,dbeckenham4t@zimbio.com,BydsarD5kxYr
Skimia,cqi-62,Tallia,Dunhill,tdunhillir@irs.gov,6HxW6obAm
Eabox,oLc-57,Kerianne,Rushford,krushfordl6@dropbox.com,NznDG3b
Photofeed,7RU-90,Ronni,Pynn,rpynnj3@nhs.uk,Ho4IKK82
Agivu,gM5-01,Tonia,Vasyatkin,tvasyatkin9o@nasa.gov,vHm2kKsrx
Demivee,SPW-61,Fionnula,Lamyman,flamyman2r@usa.gov,ROLlYpO8
Yamia,nra-15,Pandora,Forryan,pforryan98@mediafire.com,usKq59szAeG
Gigashots,Rpc-24,Karin,Purveys,kpurveys6g@reverbnation.com,NCXv6VOB1G4h
Quatz,kwG-93,Constanta,Allsopp,callsoppfc@networkadvertising.org,LcB9gt
Mynte,1D0-24,Valaria,Tuttle,vtuttleg0@merriam-webster.com,IHtW0EEUp
Tekfly,PqH-34,Andi,Verdun,averdun6v@bravesites.com,jFsmnZ4NWbp1
Kaymbo,k07-40,Beryl,Lanchester,blanchesterb1@miibeian.gov.cn,QLSFKPfuz
Viva,l80-88,Velvet,Weatherdon,vweatherdonr5@php.net,uStwzYcf2
Yambee,OSj-42,Cordie,Fowles,cfowles4x@istockphoto.com,gOOkp2NQ3m
Gabvine,RJc-72,Maureene,Shorie,mshorieny@ucsd.edu,uTCOJh
Zazio,onY-14,Lisabeth,Janaud,ljanaudn4@t-online.de,HJ1jNh
Mudo,iAM-10,Maurita,Orvis,morvis8h@liveinternet.ru,OhTRVq
Twimbo,pNr-06,Truda,Turrill,tturrilldx@arizona.edu,1iCoSA
Gabvine,n1d-98,Bevvy,Surgen,bsurgenrq@tripadvisor.com,WtjpCZE7I
Yamia,1jp-79,Jeri,Tyson,jtysone4@amazonaws.com,p6u3yw
Thoughtsphere,Y64-66,Giulia,Cabel,gcabel19@google.cn,jpjgY5wzHU
Tagtune,rFL-07,Ada,Impey,aimpey6b@ezinearticles.com,JfQmaNLDV
Layo,pNk-35,Gilli,Vallens,gvallensff@flickr.com,tzwlCo3
Janyx,qum-96,Emmi,Orton,eortonim@github.io,YU57uj
Thoughtstorm,TI2-98,Myra,Boyack,mboyack9z@princeton.edu,43oxq2uR
Linkbuzz,KFA-75,Penelopa,Tammadge,ptammadgekk@mashable.com,3J6Um9V
Twitternation,9Es-81,Jacquelynn,Sturdgess,jsturdgesslv@illinois.edu,BcRzCBCFb
Skynoodle,efz-93,Opalina,Cohani,ocohaniag@craigslist.org,LTVlsp79Cbbe
Jaxspan,RQz-69,Concettina,Demschke,cdemschkeih@stanford.edu,7JyNZM
Zooveo,qum-00,Fayth,Isenor,fisenor3g@nhs.uk,jwLBYJ
BlogXS,RRB-52,Clareta,Chasemore,cchasemorenh@nih.gov,sjhWFxFP
Latz,pbN-64,Zandra,Castagneto,zcastagnetof1@yellowpages.com,ud0PAJnernEh
Mydo,XwU-65,Alexandrina,Rames,aramesfv@auda.org.au,lUkF3Zg7Wjh
Twitterworks,zKi-42,Mirabelle,Moorhead,mmoorhead2d@shinystat.com,M92fHUDw
Oyoyo,XRN-98,Isis,Pauletto,ipauletto39@php.net,q9VOr2DnWes
Gabtype,k8L-25,Edin,MacRonald,emacronald4p@sitemeter.com,87KCP2
Quamba,ggc-54,Michell,Acreman,macremanoi@dot.gov,qweRvarl
Rhynoodle,y3t-29,Jolie,Andrivel,jandriveln6@myspace.com,lIG87F0mM
Jabbersphere,B3G-48,Thia,Daoust,tdaoustev@spiegel.de,RwRwyEFxHIz
Pixope,nb1-23,Devinne,Gannan,dgannanio@mapquest.com,TCOhdgCu
Thoughtbeat,kUb-69,Kamillah,McMyler,kmcmylerot@phpbb.com,AkYj8XCnqWj
Kwilith,P8R-87,Cybil,Klulisek,cklulisekkh@ed.gov,9XOHFM
Kare,4LY-82,Minnie,MacGilpatrick,mmacgilpatrick6o@nyu.edu,q9D1zLxuD
Fatz,2pv-90,Bernardine,Grace,bgrace1n@hibu.com,pEKWJ6
Teklist,jgw-88,Gabbie,Balnave,gbalnavem9@myspace.com,5JxeuHPmp
Thoughtsphere,WeH-75,Myra,Skurray,mskurrayct@newyorker.com,4mLCzWQkG7
Mydo,aFw-06,Florina,Stammers,fstammerskf@so-net.ne.jp,sv0GNgvS4gt
Tavu,Hus-86,Ardyth,Boulde,aboulde3j@ft.com,JTLS8ff
Shufflebeat,qFU-61,Maribeth,Wintersgill,mwintersgilli9@examiner.com,CjR7CugZSZ8
Jabbercube,MwL-67,Rochell,Bourdas,rbourdasjc@xing.com,QhgldwTz2
Gigabox,tt0-82,Karol,Livingstone,klivingstoneb9@hatena.ne.jp,21NRLgEOO
Fiveclub,xQp-01,Clio,Welbrock,cwelbrockrd@liveinternet.ru,pM8Huzf7ak
Meeveo,ot7-44,Remy,Balstone,rbalstoneno@marketwatch.com,fZ6nFoh
Blogtag,SWz-24,Dorthea,Ausiello,dausiello80@desdev.cn,xUjgmK
Blogpad,63O-68,Laurena,McCleverty,lmccleverty2l@utexas.edu,QjvFww3MR
Leexo,qKl-85,Melania,Huntley,mhuntleyhq@skype.com,V7nUity7gWTM
Dynazzy,wy3-14,Ina,Mazonowicz,imazonowiczg2@marketwatch.com,B1loBm9BER
Ozu,bd5-44,Joyce,Stitch,jstitch8o@scientificamerican.com,guQ9F5OF
Eamia,IJP-71,Ara,Iddison,aiddisonbc@amazon.de,28vZkW3mK2zI
Ooba,jGw-09,Marcie,Algar,malgari6@yellowpages.com,yyjpjJ
Janyx,2FO-18,Hermione,Riding,hriding3q@mozilla.org,BA7xr6s2qi
Quatz,Fbb-24,Nomi,Douch,ndouch1h@techcrunch.com,UPvdgqdk
Bubblemix,41P-97,Mirella,Cuncliffe,mcuncliffed@chicagotribune.com,0c7jBnY2Cr
Dabtype,TMQ-02,Anjanette,McPartlin,amcpartlinq@angelfire.com,vZSgzHBw2c
Wordtune,HUt-99,Sidonnie,Heathfield,sheathfield9m@trellian.com,VX46Sq9E
Gigashots,Bsq-56,Orelia,Baldini,obaldiniel@odnoklassniki.ru,nSiVAlOG6
Camimbo,Sie-89,Xylia,Regler,xreglerq4@pen.io,G7BBVuoWLN4
Thoughtbeat,wBk-12,Alexis,Ribey,aribeyqf@craigslist.org,OOQEJ6Nqcqs
Topicblab,fNR-41,Josy,Heighton,jheightonob@ifeng.com,vyysVb4Ur
Shufflester,GNJ-33,Delores,Kelso,dkelso5x@acquirethisname.com,qBO1OzV
Leexo,ayg-46,Evey,Clemmitt,eclemmittpe@wisc.edu,5xiqD0wJW
Viva,DyL-13,Sibilla,Esslement,sesslement35@businessinsider.com,4OKciJEL
Centidel,NVq-36,Vonny,Edmenson,vedmenson55@hhs.gov,yIx9ORKCx
Meezzy,IZb-15,Berri,Jindrich,bjindrich68@un.org,l9gPh5RKD
Voomm,EpO-23,Mollie,Radbourne,mradbournecf@tripadvisor.com,Pkcz154VHXIm
Rhyloo,AH6-04,Jillene,Ghidini,jghidiniky@sfgate.com,yRcRI414
Jetpulse,SzI-24,Jessamine,Searjeant,jsearjeantoy@mediafire.com,tLZmouTpIQ
Jabberstorm,wy3-14,Ina,Mazonowicz,imazonowiczg2@marketwatch.com,E5ohbC7fnG
Vinder,rrw-93,Mamie,Avent,maventfe@4shared.com,S2TsjcN6u
Pixoboo,kIi-01,Sydney,Cabel,scabelq3@shutterfly.com,7cugam
Twiyo,ryv-97,Kameko,Lawman,klawmaner@t.co,u0RKFjm7I0Qx
Oozz,m36-50,Leandra,Spatig,lspatigks@lycos.com,GlVqZ2
Yacero,QGX-00,Janetta,Eccleston,jecclestonl3@europa.eu,9s6hekcqVA
Flipbug,ASr-85,Shelley,Buggs,sbuggs46@cpanel.net,nrKSgB
Demivee,GbK-48,Zelma,Croote,zcrootegv@sina.com.cn,iilpaVg0SA
Demivee,FXe-75,Matelda,Kears,mkearsr2@forbes.com,zYCd7zPw
Eadel,LCk-65,Belvia,McTrustie,bmctrustiebh@tinyurl.com,wxHx644No
Quatz,lBB-48,Abigael,Skala,askalam7@marketwatch.com,G8fyCZ2WP1zR
Mybuzz,kgw-35,Dagmar,Pergens,dpergensk2@qq.com,AaWH4bf
Myworks,sQe-12,Vannie,Pentecost,vpentecost2j@barnesandnoble.com,j97iraQew
Avamm,KYk-44,Gail,Margerison,gmargerisonl7@reuters.com,JVFFS4IjkKd
Riffpedia,yRg-58,Imogen,Muat,imuataw@craigslist.org,QyZnbIXjhT
Fatz,EcM-79,Cymbre,Lilliman,clillimanlz@bbc.co.uk,P2ULk4o
Kimia,As3-33,Jo-anne,Casarino,jcasarinopn@elegantthemes.com,pUSKYVUVlV
Brainbox,o0i-31,Jo-ann,Shalliker,jshallikerdq@google.fr,TPCtYaYU7x
Twitterlist,Ds4-86,Bethena,Fifoot,bfifootof@miibeian.gov.cn,QIifxAI
Linkbuzz,YjA-52,Emlynne,Poolman,epoolman21@accuweather.com,tFR2Z7
Kayveo,kb1-97,Angy,Varney,avarney5f@baidu.com,rnPcRwm
Aibox,hhx-39,Gwendolen,Barfford,gbarffordgp@jigsy.com,hHDMfKD
Skyvu,YHJ-50,Esme,Eliasen,eeliasen7l@pbs.org,ZLfVuxRs3GC
Tekfly,0AQ-09,Zaneta,Forstall,zforstallcs@meetup.com,x9bahaC
Realbuzz,zwv-48,Ondrea,Edgerley,oedgerleyaf@forbes.com,HSPgStn4zd
Mynte,tE3-66,Ermina,Tupie,etupielx@craigslist.org,jPA6OfIiQdhb
Divape,ZO8-02,Mari,Heasley,mheasley33@1und1.de,MpUFXjl
Meevee,nO2-90,Doralynne,Cookes,dcookes5u@indiatimes.com,GYO9mhiolaWo
Roomm,pcJ-79,Fred,Salzburg,fsalzburge7@pcworld.com,7B1Uo7rW
Jabbertype,RpK-24,Mora,Mattiassi,mmattiassipq@fda.gov,C9jKjN04
Oodoo,qum-00,Fayth,Isenor,fisenor3g@nhs.uk,M5oxQ2XO6Am
Voolia,gzo-42,Ceciley,Champain,cchampain8l@t-online.de,gkf4MaRY
Yodel,n1d-98,Bevvy,Surgen,bsurgenrq@tripadvisor.com,ILZNCTjti81
Jaxbean,0c4-97,Donnie,Romain,dromain2g@boston.com,UfU1uGYopTcu
Gigazoom,EpO-23,Mollie,Radbourne,mradbournecf@tripadvisor.com,h12C8N
Yoveo,QkS-97,Vernice,Vinden,vvinden52@va.gov,S3gO2iMRE5a
Bubblebox,iKf-27,Sadie,Wagenen,swagenengg@google.ru,0CnH5t1Lc1
Yodoo,h5O-15,Niki,Rearie,nrearie40@youku.com,HyhX3ul
Rhynoodle,3QF-86,Sibelle,Chataignier,schataignierdy@digg.com,Kz6W38i1qRRH
Skaboo,fqN-58,Clemmy,Elintune,celintunejd@ucoz.ru,JUkUDeI0sScu
Katz,pXa-23,Kiley,Champe,kchampefn@house.gov,X8LyNukrox
Gabvine,gM5-01,Tonia,Vasyatkin,tvasyatkin9o@nasa.gov,UFqFazBWgFx
Twitterwire,Pt2-38,Verena,Mulberry,vmulberrygk@squarespace.com,HSTGikt
Tambee,Mzp-27,Marys,Flatman,mflatman9c@china.com.cn,69cBqujt65
Zoonoodle,2Rt-84,Emeline,Kadar,ekadarcx@spiegel.de,0IuClMrKqf
Voonyx,QzQ-73,Darelle,Lisamore,dlisamoremj@goodreads.com,IDHNn33f
Izio,nNZ-25,Sara,Bulfit,sbulfit9j@bbb.org,xAfBeEd
Podcat,1jp-79,Jeri,Tyson,jtysone4@amazonaws.com,GaSQfkBVl
Buzzster,7H7-45,Kassi,Casetti,kcasettinb@cam.ac.uk,8CNWoE23
Edgeclub,gPb-89,Neysa,Francomb,nfrancombnt@moonfruit.com,FMBBoysAn
Quamba,MI6-88,Selia,Castagna,scastagnaln@nymag.com,2r6onJ6IdV
Kayveo,MF6-96,Eddi,Eardley,eeardley8k@meetup.com,y7W2byXYwC5
LiveZ,Yom-28,Brittni,Grindall,bgrindallac@people.com.cn,itO2UoO1AM0C
Blogtag,kTv-58,Fanechka,Kilmurry,fkilmurryis@nba.com,sN6mlPiy6
Thoughtbridge,MrY-41,Marley,Bibey,mbibey2q@theglobeandmail.com,IejfoZ44PWiQ
Tanoodle,ajd-72,Grete,Pickburn,gpickburn9t@php.net,hXg5JAiU
Feedspan,b6y-05,Mickie,Mulvey,mmulveyqc@bravesites.com,rcLKlKznCdrN
Quimba,IMw-64,Gwyn,Wing,gwing3a@liveinternet.ru,WSzVl20I
Rhynyx,JO1-88,Amalee,Jacquemy,ajacquemycw@illinois.edu,niAqod
Zava,k8L-25,Edin,MacRonald,emacronald4p@sitemeter.com,fGmljpt
Flipbug,x7S-44,Veriee,Noye,vnoyeh2@mac.com,2tESCsT
Reallinks,Sel-75,Kassi,Money,kmoney3w@hc360.com,zI02IjoLR
Jaxspan,Sie-89,Xylia,Regler,xreglerq4@pen.io,pRXUtOWa2r
Ooba,WEy-18,Junie,Lankford,jlankfordp5@plala.or.jp,5zo1UX
Kazu,zKv-44,Carmel,Genner,cgennerdc@eventbrite.com,Xq5YJGNRO3HC
Aibox,2JG-93,Marika,Crain,mcrainos@disqus.com,mSOEXgf
Zazio,7Ca-32,Orelie,Pridgeon,opridgeon6l@angelfire.com,X8ExBh9Fqlf
Oyoba,D3A-96,Winna,Schurcke,wschurcke53@123-reg.co.uk,wVxqL9FGOB2j
JumpXS,VWN-28,Elsinore,Albrook,ealbrookik@sitemeter.com,wIZays
Photofeed,Eza-10,Binni,Gentner,bgentnerho@answers.com,cJULBrrKt
Mynte,DcM-48,Dorene,Rajchert,drajchert6t@icio.us,4Xh1X3l
Youfeed,efz-93,Opalina,Cohani,ocohaniag@craigslist.org,zn6fg8
Skippad,6mx-90,Nanon,Wandrich,nwandrichrj@miibeian.gov.cn,trquPxBeJRxg
Eazzy,zH4-49,Allyn,Meysham,ameysham1x@fda.gov,4ceHkMkjouhX
Yamia,xyk-95,Rachelle,Fanning,rfanningeg@feedburner.com,KhdMBE5
Voolith,mFP-51,Elwira,Tabbitt,etabbittk6@shareasale.com,V40bQxkFU
BlogXS,URM-97,Drucie,Lenthall,dlenthallk8@rakuten.co.jp,NVecA4
Twitterworks,5V7-14,Angeline,Tringham,atringhameq@wp.com,QIwzCkPm25f
Jaxbean,OfD-25,Crystal,Buttery,cbutterycr@pagesperso-orange.fr,S9tQhLjXMCAU
Edgeclub,MvN-16,Abbi,Harriagn,aharriagnki@gmpg.org,JP9fD7dhMC
Thoughtmix,SQ8-82,Dierdre,Aggiss,daggiss78@apache.org,ltTGTp4c
Wordtune,xZi-62,Peria,Poxon,ppoxonh3@is.gd,gq6Wz3fO
Skimia,tHa-37,Dorelia,Ostrich,dostrichg5@netscape.com,BAlgWWZ
Photofeed,UhN-81,Bryana,Camfield,bcamfieldgh@berkeley.edu,VaNZshK
Omba,QNr-91,Eleanore,Melross,emelross30@dyndns.org,KdXQ3mUiTpb
Shuffledrive,Fkw-80,Rosabelle,D'Almeida,rdalmeida37@edublogs.org,PPbILWCQ
Brightbean,3aG-72,Moria,Huckel,mhuckelh6@newyorker.com,nLflnlPt
Kazio,iq3-95,Hedwig,Amdohr,hamdohr74@lulu.com,NmR8D2Ev
Kare,kpz-70,Jasmin,Latan,jlatanjh@ed.gov,dX6a9FmmNOg
Twimm,tlb-58,Hope,Victory,hvictoryfx@dailymail.co.uk,qOOznz5
Livetube,R6W-50,Marquita,Colquitt,mcolquittra@tamu.edu,Q7OUfyau7vmv
Cogilith,olP-63,Cathyleen,Laverenz,claverenzk@bloomberg.com,4uk1XpHG
JumpXS,qyP-54,Ethel,Dorkin,edorkinde@examiner.com,zZCwi8mF0k
Realmix,AaH-95,Robinett,Giles,rgilesl1@godaddy.com,pOd9UiYVEfeW
Abatz,UlH-24,Annabela,Aldins,aaldins1t@jugem.jp,Kf0pcP9dlKzX
Kare,rgt-11,Donia,Mackelworth,dmackelworthbg@imageshack.us,L782ddt
Realpoint,CI1-68,Xaviera,Drysdale,xdrysdale1u@scribd.com,hx5SkaOVJ
Mynte,Vrq-15,Ariana,Bolus,abolusc1@angelfire.com,U2Kieh
Yamia,nYq-30,Avril,Aylen,aaylenij@globo.com,uKi3k10jP
Jabbersphere,iVE-73,Lurleen,McCrainor,lmccrainorfq@skyrock.com,AgvvaWkDfbK2
Mybuzz,aFw-06,Florina,Stammers,fstammerskf@so-net.ne.jp,HdM212Z
Agimba,6ew-61,Lisette,Wrates,lwrateshj@hud.gov,ZbgC6M
Innotype,GCz-79,Trudey,Desporte,tdesporteo5@baidu.com,27Axur6Is
Chatterbridge,TI2-98,Myra,Boyack,mboyack9z@princeton.edu,PVUmtr10wak
Teklist,oW9-61,Katleen,Rosso,krossox@walmart.com,NUcfnfN
Aimbo,eQY-02,Inge,Brann,ibrannqx@webmd.com,Ejh2dfExCLkU
Layo,ri1-05,Nellie,Reims,nreimsr1@xinhuanet.com,EpLH6v
Abata,VGw-67,Libby,Girardet,lgirardetmu@army.mil,csqj9XjMLm
Meedoo,gEI-80,Alida,Stolli,astolli9@blogtalkradio.com,dCe3AnmMe18a
Skajo,RQz-69,Concettina,Demschke,cdemschkeih@stanford.edu,aggIWF2ql
Brainlounge,HUj-74,Jacynth,Clows,jclowshw@pagesperso-orange.fr,Z7fvBKDxskIO
Rhynoodle,i0w-31,Lezlie,Barfford,lbarffordlk@japanpost.jp,PcNx23qG
JumpXS,Rpc-24,Karin,Purveys,kpurveys6g@reverbnation.com,3hyNZJ
Devbug,UwZ-79,Tomasina,Fullman,tfullmanaa@paginegialle.it,iDAnA1j
Meezzy,Jzv-72,Idaline,Stolze,istolze89@sciencedaily.com,ymKdPe
Chatterpoint,m2U-59,Roxanne,Kighly,rkighly6r@xinhuanet.com,j554Vx
Shuffledrive,ZwY-55,Carissa,Mounfield,cmounfield5d@ted.com,6wmwgzbEg4S
Dabjam,qi8-99,Amelita,Leel,aleeljw@si.edu,krG1hZoQg
Photospace,Kek-13,Kathleen,Plester,kplesterp6@slate.com,xC5DTp4s4bp
Trupe,eFC-62,Lena,Borghese,lborghesej9@aol.com,cfqeIceQI
Yodo,O9f-62,Lilli,Spleving,lsplevingex@dedecms.com,28mfEogg0y
Topicblab,QNn-25,Happy,Domesday,hdomesdayps@sohu.com,0XQAdKK
Skyndu,tzB-78,Koren,Gunton,kguntonms@nsw.gov.au,D08Oi7N3xxt
Tagpad,vAh-53,Cariotta,Speer,cspeer8c@cafepress.com,17MQrOeJ2RK
Twitternation,AUf-41,Bernette,Ruseworth,bruseworthic@go.com,AC2V6F
Skyble,BWs-64,Nancee,Sergeant,nsergeant86@symantec.com,k13nR4
Edgepulse,JfE-11,Sybille,Ruzic,sruzicf6@huffingtonpost.com,wNqz0yHVwCd
Gigazoom,oLc-57,Kerianne,Rushford,krushfordl6@dropbox.com,jRPQO6iHfZre
Jabbertype,S7T-46,Deina,Hallock,dhallock7f@sphinn.com,DIul0NO
Meezzy,3aG-72,Moria,Huckel,mhuckelh6@newyorker.com,PJQpPKei
Kazio,aLR-89,Esta,Sandwich,esandwich3k@plala.or.jp,IZ5N4m
Zoomcast,5V7-14,Angeline,Tringham,atringhameq@wp.com,xEXBkywMhj
Yoveo,cAR-02,Nonnah,McErlaine,nmcerlaine3h@google.fr,r2Fj3LVsM
Mycat,iq3-95,Hedwig,Amdohr,hamdohr74@lulu.com,l24hWQ6
Fliptune,kpz-70,Jasmin,Latan,jlatanjh@ed.gov,ATfCuj
Abata,lpx-00,Xylia,Spawforth,xspawforth1g@un.org,PgaYVtL17J
Flashspan,fcU-61,Karena,Benoix,kbenoixlw@godaddy.com,w2DNQ3U
Photofeed,S9S-01,Ottilie,Scantlebury,oscantleburyjo@indiegogo.com,Tegapmd
Zazio,gPb-89,Neysa,Francomb,nfrancombnt@moonfruit.com,GeevryCly
Ailane,uPo-54,Beret,Zappel,bzappeljk@reverbnation.com,i4HgxOPNmDbR
Mydeo,I6e-57,Jobey,Foskett,jfoskett7c@soup.io,WoJyoqnQ
Tagcat,3z2-97,Joellen,Creese,jcreesemp@ovh.net,J3M75VI
Wikido,p2z-45,Helen-elizabeth,Antliff,hantliff82@sciencedirect.com,3ymiP55BbyFs
DabZ,SPW-61,Fionnula,Lamyman,flamyman2r@usa.gov,ehSxLog2
Gevee,LjI-44,Lin,Fransseni,lfranssenicd@cornell.edu,Mj6QtFE
Oyoloo,byf-70,Ingrid,Peachman,ipeachmanbz@printfriendly.com,AcUcZ7O3m
Trunyx,3tv-73,Jorie,Corzor,jcorzorix@youtube.com,G3sFkXMv
Gigabox,5Of-11,Demetris,Haughey,dhaugheypi@sun.com,X4F0dvqIf
Photobean,lK0-17,Aimee,Khidr,akhidrnz@sciencedaily.com,liYPEwgyvDd
Myworks,2u5-04,Riva,Purslow,rpurslowrr@discovery.com,vX5TvPPHS2F
Eidel,8FS-63,Joceline,Senn,jsennk4@dedecms.com,2WyreWENLRA
Demivee,Zw6-25,Emalia,Goaks,egoaks22@nationalgeographic.com,OHl2AUiQbZb
Fivechat,UVC-20,Harriett,Skellen,hskellen8j@un.org,6iJPVvVYQv1W
Gabtype,Jb2-40,Trisha,Rash,trash7h@wix.com,mmhmDS
Thoughtstorm,hpt-12,Charleen,Rosenthaler,crosenthalercq@behance.net,AlOOkW
Ooba,Gex-74,Milena,Gilchrest,mgilchrest7e@sun.com,X1vXb15wVRGU
Leenti,ODy-99,Darell,Myrie,dmyrieu@goodreads.com,YNqg1zjWP
Leexo,OnM-75,Ondrea,Topley,otopleyph@opensource.org,2syf2sUp
Zava,DyL-13,Sibilla,Esslement,sesslement35@businessinsider.com,sFwzG2IxO9o8
Youtags,Nxw-77,Tiena,Wetherell,twetherell3e@google.co.uk,4CTn9mSeFT
Vipe,cHw-99,Cathy,Johananov,cjohananov8d@behance.net,XJN7slg
Vitz,Nw7-92,Allegra,Snalum,asnalum2w@unesco.org,aZDIL9Pd
Yakijo,KVE-61,Maressa,Simison,msimisonf0@unblog.fr,N0MBRfD
Eamia,Lr1-43,Rica,Willcock,rwillcockoz@ameblo.jp,h8PRo3D
Shufflebeat,ppJ-48,Frayda,Hubbocks,fhubbocksl9@gnu.org,NGJ8UDt
Skaboo,v5S-08,Nessa,Willerton,nwillerton3c@comcast.net,VTQYTntC06f
Rhynoodle,qKl-85,Melania,Huntley,mhuntleyhq@skype.com,sFvoC7i
Feednation,R6W-50,Marquita,Colquitt,mcolquittra@tamu.edu,zeoLRrDQWXN
Devcast,iuM-60,Cori,Maben,cmabeneu@zdnet.com,FnfapjcS
Jabbersphere,bzr-43,Tabbi,Rusted,trustedcz@tripadvisor.com,R13Aq3V10uj
Roomm,T9p-52,Diahann,Pikesley,dpikesleykv@bing.com,OVAoHp
Katz,IW7-42,Nat,Alessandone,nalessandoneqp@ycombinator.com,nNKOgr0A89
Photospace,krx-45,Vivie,Phillp,vphillpn7@sitemeter.com,VogEhoXP6r
Mybuzz,V6k-06,Cassi,Goretti,cgorettii2@simplemachines.org,wjTcplB
Twinder,ptt-04,Robena,Buckbee,rbuckbeea7@homestead.com,YFiSUkde
Tazzy,IC8-18,Jesse,Simonato,jsimonato8z@mit.edu,GADXGyHd
Kazio,p5D-76,Alana,Ridout,aridoutgt@addthis.com,OYvOlNTb3
Leexo,lrP-63,Antoinette,Giorgi,agiorgi8i@sohu.com,Ev2W8OGLaf5
Skidoo,8Pg-18,Elnora,Hanton,ehantonqa@soup.io,osiqegpI
Realmix,mL0-21,Dosi,Purbrick,dpurbrickmn@vk.com,evCrVxNkK8H
Devcast,5Um-53,Cosette,Hewkin,chewkingx@barnesandnoble.com,dCWW8yZP8YAE
Thoughtblab,BjG-40,Terra,Eakens,teakensog@china.com.cn,h8OwM2F
Youfeed,tND-78,Amy,Veivers,aveiversez@indiegogo.com,GRIKRUz
Zooveo,fs2-71,Anselma,Sprowell,asprowellnq@soundcloud.com,PnaOU8
Kimia,7H7-45,Kassi,Casetti,kcasettinb@cam.ac.uk,nQlJt6GfZ
Meeveo,Iv8-53,Janela,Dyter,jdyterne@tumblr.com,D4KsRdCMv
Quire,X4C-42,Ranee,Ochiltree,rochiltreelj@smh.com.au,IXMEW4XNw
Skyba,dRa-68,Simonne,Sleit,ssleitc0@example.com,5mDvPwVk
Wikivu,6mx-90,Nanon,Wandrich,nwandrichrj@miibeian.gov.cn,jSBZIILL4
Innotype,1DT-90,Valeria,Sperring,vsperring1w@marketwatch.com,Jk9iisWh
Zoomdog,eP9-07,Morganne,Picopp,mpicoppdj@ucla.edu,RHO3i1gi5x
Flipbug,5lf-64,Quintana,Crumbie,qcrumbie3o@smh.com.au,04gQoh
Linkbuzz,rlE-48,Veriee,Penni,vpenni7n@dedecms.com,amIMlTKb69
Trilia,obK-12,Malorie,Brewood,mbrewood2y@google.es,nnTbPO3Ek
Tambee,f0h-40,Sarina,Jenkison,sjenkisonep@house.gov,eDQZEDhm0rE
Teklist,zZn-61,Marti,Onele,monelelh@meetup.com,OPM6SQF
Skippad,3DH-40,Katie,Straw,kstrawha@mac.com,CBgvFZskVf
Shuffledrive,WpR-42,Alexine,Eronie,aeronie6k@digg.com,DaSydVcK
Mydo,KFA-75,Penelopa,Tammadge,ptammadgekk@mashable.com,jURA96AFQb
Vinte,HfN-66,Tiffie,Butchard,tbutchardon@howstuffworks.com,QPs0tMb5QjD
Riffpath,z5y-84,Brigitte,Jeenes,bjeenesdh@skyrock.com,x7VZg3dq
Edgepulse,RRB-52,Clareta,Chasemore,cchasemorenh@nih.gov,luhZmqbPdsTf
Mudo,uLL-04,Jaquenette,Moniker,jmonikercp@uiuc.edu,vjb6w59iFO
Tazz,gNO-17,Electra,Lambrecht,elambrecht9n@nydailynews.com,8pKmcVV
Linkbridge,e8l-42,Alta,Marin,amarinqq@yelp.com,IiH9T0
Fliptune,cEV-19,Rebe,Thorbon,rthorbonfo@163.com,3KGmPl
Rhyzio,EJd-97,Bria,Zeale,bzealecl@live.com,Po4za7a7y
Jabbercube,Hsx-70,Layney,Hamlett,lhamlett8f@imdb.com,bbhCA6tPx
Jabbercube,Fkw-80,Rosabelle,D'Almeida,rdalmeida37@edublogs.org,EuMyJsK4
Lazzy,IGc-81,Yetty,Coogan,ycoogan96@redcross.org,vyV1PXhoT3
Mynte,mk3-78,Cele,Thain,cthainbn@myspace.com,TzPNxYhV
Meetz,e5i-88,Benedikta,Hurdedge,bhurdedgeqo@mysql.com,nLbI3x
Avavee,SXd-14,Ruby,Odde,rodde4s@blog.com,HPNV46kswf
Abata,Qhs-31,Aeriel,Stollenbecker,astollenbecker27@csmonitor.com,qQq0Eo
Photofeed,pTb-98,Caren,Skelhorne,cskelhorne6w@lulu.com,KeLei4Alr
Babbleblab,549-44,Jackqueline,Twort,jtwort99@usgs.gov,1BHRCB
Thoughtstorm,MwL-67,Rochell,Bourdas,rbourdasjc@xing.com,lAN1i4qsDa
Jazzy,hMK-51,Adrienne,Clurow,aclurowbt@upenn.edu,rAHKfduT
Jamia,pXa-23,Kiley,Champe,kchampefn@house.gov,tIt5J4h
Twitterworks,LAr-91,Idalina,Moreland,imorelando0@google.co.uk,fU8NEu
Quinu,rLW-16,Winni,Madre,wmadrejl@quantcast.com,PwBMSu1M
Cogibox,UhN-81,Bryana,Camfield,bcamfieldgh@berkeley.edu,EFw8EF
Edgeclub,q2t-10,Twyla,Breckell,tbreckell58@narod.ru,OCmiIvKWZAo
Jabberstorm,Vyu-71,Millisent,Hurley,mhurleyhg@studiopress.com,l6ToAa8MX
Photospace,lnM-86,Tamqrah,Llywarch,tllywarchrk@dailymail.co.uk,DEYeS1sD7
Meevee,yRg-58,Imogen,Muat,imuataw@craigslist.org,SLmSOZ
Livetube,Xh3-47,Lottie,Crowter,lcrowter2a@arizona.edu,wNXzL454y
Browseblab,nqN-18,Arlie,Treverton,atreverton93@shinystat.com,c34KoZD34Q
Pixoboo,9Vn-05,Nettie,Bottrill,nbottrill63@spotify.com,c2ivDA
Brainsphere,EzM-77,Nicol,Jovovic,njovovic2p@unesco.org,g7X2q7n61R
Geba,ZxO-30,Ruthann,Buckley,rbuckleymk@bravesites.com,J7EkWjcG
Meedoo,151-69,Stacee,Vasyunichev,svasyunichev5v@usda.gov,ac6HrYXpv
Jabberstorm,auk-79,Sofie,McGeffen,smcgeffend1@yellowbook.com,yz9PXtffP
Gigashots,ot7-44,Remy,Balstone,rbalstoneno@marketwatch.com,HiEKV5c
Shufflester,8Zo-29,Jemimah,Perkis,jperkisay@parallels.com,6oPLYpDaf
Meejo,o0i-31,Jo-ann,Shalliker,jshallikerdq@google.fr,RqFvBsXln
Wordtune,Pf7-06,Doralynne,Divill,ddivill9e@seesaa.net,Q4472eT5eh
Ailane,KtI-30,Bobine,Sanper,bsanperl4@reference.com,zTwrPDU
Centidel,O3N-30,Noel,Newport,nnewport43@wired.com,ZFjpyfm
Meejo,qh0-04,Celeste,Ranald,cranald8p@fema.gov,i9ZABNMQ
Oyoyo,Dgp-53,Maxy,Kippling,mkipplingo6@slideshare.net,L7Q8pMYx
Voolith,u6n-17,Milzie,Davidovitz,mdavidovitz8s@sun.com,WNBY7pWGcIfb
Dazzlesphere,LBs-82,Florencia,Thombleson,fthomblesonnx@whitehouse.gov,Gwxnar0zx
Zava,nO2-90,Doralynne,Cookes,dcookes5u@indiatimes.com,VPwqgINjHMh
Skippad,m6F-35,Tonya,Habeshaw,thabeshawbm@mediafire.com,AaPkX7
Meevee,vmz-25,Nissa,Storms,nstorms9y@newsvine.com,eAdfwELFl
Innotype,ZaF-58,Imogene,Park,iparkqs@biglobe.ne.jp,1XgQjKEgB4A
Youfeed,Ntl-06,Harmony,Utley,hutleyd3@mozilla.org,BSdjPmoJ
Twitterbridge,snf-81,Adora,Castellone,acastellone3s@fastcompany.com,4DzseRHlEB
Vinte,9xY-77,Meara,Plewright,mplewright17@pinterest.com,mtQ3Wh8JAuj
Jaxnation,rsD-83,Shela,Milier,smilierhs@boston.com,ZVxSszj6dQ
Edgepulse,zAT-78,Madalena,Larimer,mlarimer5i@cbslocal.com,F3RkuArK
Yodo,joc-09,Gayel,Reisen,greiseng3@unicef.org,lBpgz0vey8Q
Livepath,XxX-25,Annamaria,Penna,apennaja@bloomberg.com,mXf8FyF
Plambee,kCV-46,Janka,Birtwell,jbirtwellbr@icio.us,8a7blnUS
Yakidoo,hZC-85,Devora,Toppin,dtoppino1@issuu.com,06MCN8K
Ooba,GSV-38,Faunie,Bynert,fbynertpk@scientificamerican.com,KOu57e
Eabox,1D5-16,Umeko,Rubke,urubkegn@eepurl.com,PeQ2vSd
Fatz,Fbb-24,Nomi,Douch,ndouch1h@techcrunch.com,W2kARJBWS5yn
Yamia,FfI-43,Kimberly,Nerger,knerger1y@archive.org,lwbY1PEAGU
Realcube,KYk-44,Gail,Margerison,gmargerisonl7@reuters.com,hJvlVDd
Twimbo,UzK-31,Ermentrude,Blackesland,eblackeslandci@free.fr,UZXxFOxiTB
Dynava,aeN-36,Karna,Gregoraci,kgregoraci2m@chicagotribune.com,zFwdBTBCKx
Meetz,nra-15,Pandora,Forryan,pforryan98@mediafire.com,eRU21oMSIiR
Mynte,PEy-81,Jilleen,Soane,jsoaneg1@hugedomains.com,W4GGAs
Eadel,Ie6-51,Lorilyn,Clyant,lclyantiu@google.ca,Uh5tppF0
Dabvine,bOZ-96,Nannette,Simion,nsimionnl@printfriendly.com,CrSvfMtaV0
Mydeo,USG-59,Jonie,Fowden,jfowden5b@pagesperso-orange.fr,YvMl51XU8w8
Gigabox,Epf-79,Noami,Oneal,nonealgd@bandcamp.com,3CkjvkolOU
Meejo,G1H-69,Kristen,Fissenden,kfissendenkt@sitemeter.com,NMEGdg
Flashspan,7sq-32,Linnie,Giacopazzi,lgiacopazzim2@1688.com,YStZSPw5in0p
Camido,fqN-58,Clemmy,Elintune,celintunejd@ucoz.ru,UxtLFZUIVDFk
Twiyo,5tr-22,Teresita,Paddy,tpaddy4g@cdbaby.com,pfRgc1gV6
Thoughtstorm,TZA-12,Farrah,Schusterl,fschusterlkb@nasa.gov,Hzcmaw5dx
Mydeo,n1d-98,Bevvy,Surgen,bsurgenrq@tripadvisor.com,WpMo3pMS8J
Brightdog,rfj-46,Virgina,Doche,vdochee0@drupal.org,7gnK4wANE
Tagtune,Ds4-86,Bethena,Fifoot,bfifootof@miibeian.gov.cn,4I4xQkbavsk
Tagcat,BpR-90,Nonie,Janton,njantonmh@51.la,ghb2hHI3H
Twitterworks,BWs-64,Nancee,Sergeant,nsergeant86@symantec.com,LSY1DXb
Zoombox,56c-11,Ezmeralda,Hanley,ehanley1i@desdev.cn,GexKuV9p
DabZ,dRa-68,Simonne,Sleit,ssleitc0@example.com,MLABxdi
Realblab,URM-97,Drucie,Lenthall,dlenthallk8@rakuten.co.jp,7Iw90zwwQltK
Vipe,grR-14,Jordan,Crabbe,jcrabbe77@infoseek.co.jp,YQFX79Q6TuG
Photospace,wtN-46,Dianna,Korneev,dkorneev1a@ehow.com,KXUsSzqbS0n
Bubblebox,nip-56,Devan,Setford,dsetford5k@github.com,01oR3nYiw0W
Zoomdog,e8l-42,Alta,Marin,amarinqq@yelp.com,QHSgiqWLJImo
Realmix,sXm-00,Carrie,Antonucci,cantonucci18@mysql.com,aYHAb79hzFr
Tambee,rFN-54,Delly,Oswald,doswalddn@dedecms.com,do83OjAYna5
Skyble,tfg-48,Fredra,Lawranson,flawransonle@google.com.au,rKDIb1O37QzU
Kimia,WeH-75,Myra,Skurray,mskurrayct@newyorker.com,iDDSdgedP
Geba,oKL-34,Josephina,Kingswoode,jkingswoode92@wp.com,rsNpPefliD9h
Jaxspan,fRR-03,Patricia,Cochern,pcochernk9@hostgator.com,OwUxUaN
Brainverse,Joy-09,Dorolice,Ivan,divan3i@ed.gov,cIXQFqmuLQ
Edgepulse,6mY-50,Dorelia,Iacavone,diacavone8w@youtu.be,QuTyBP
Muxo,KSY-95,Poppy,Bricklebank,pbricklebankd6@mlb.com,shCQmiFA
Twitterbeat,ziT-12,Gennie,Cankett,gcankett4q@un.org,kPS5GoDuj1
Browseblab,kDb-69,Jeannie,Vanyashin,jvanyashinc4@myspace.com,Bv5LZBLzC
Oyondu,69N-66,Shandra,Burkill,sburkillbq@epa.gov,7dBuSsmWfmQ5
Midel,pfO-13,Marja,Mcmanaman,mmcmanaman91@intel.com,2SxO3Buq
Babbleblab,oMX-14,Nicolle,Maclean,nmacleanck@bloomberg.com,hCZi7R
BlogXS,41P-97,Mirella,Cuncliffe,mcuncliffed@chicagotribune.com,h4x2bQt
Shufflebeat,DqU-02,Laurena,Chamberlaine,lchamberlaineoj@ameblo.jp,qoTFEG5Tz
Browsecat,UhN-81,Bryana,Camfield,bcamfieldgh@berkeley.edu,1HjkrdxDFAlL
Ooba,yrU-63,Vilhelmina,Disdel,vdisdelrh@google.it,UJx1b9h3
Twitterwire,WeP-09,Bride,Mainz,bmainz1k@ocn.ne.jp,lhSOv9KsE5
Pixonyx,VWN-28,Elsinore,Albrook,ealbrookik@sitemeter.com,LqYi1Fi9cucz
Quaxo,MI6-88,Selia,Castagna,scastagnaln@nymag.com,OH0r6SV7oz7i
Voonyx,m6F-35,Tonya,Habeshaw,thabeshawbm@mediafire.com,oQylQXF0
Yodoo,RbV-71,Maxy,Povlsen,mpovlsendk@cornell.edu,XCi3DEZ0TQb
Linkbridge,y5J-44,Chandra,Peret,cperetbe@berkeley.edu,r7Opul87w
Camimbo,DmU-32,Tandy,Summerley,tsummerleyhb@jigsy.com,unPjRgsPkt
Zoovu,hpt-12,Charleen,Rosenthaler,crosenthalercq@behance.net,IuQJuuOfnW
Dablist,r8b-14,Cecile,Fossey,cfossey7p@forbes.com,32opvii
Livetube,0NK-88,Ginevra,Stair,gstairqm@dailymotion.com,SF1UQqL
Pixonyx,819-42,Danica,Adam,dadamg4@wisc.edu,74xj0Pje
Realbuzz,1N5-83,Alyss,Dunlea,adunlear8@adobe.com,Hp3TR9
Skajo,OJp-24,Mikaela,Bussons,mbussonsq1@sakura.ne.jp,PZTTWp
Jabbersphere,nuC-45,Madelaine,Pennazzi,mpennazzidv@globo.com,6sWn2t8AI
Yotz,ISv-65,Lorinda,De Meis,ldemeispf@indiegogo.com,2qUk5hxvn
Oyondu,S9S-01,Ottilie,Scantlebury,oscantleburyjo@indiegogo.com,leaK8ct
Quimba,eU0-70,Veronike,Kaesmans,vkaesmansna@amazon.de,jRTAeypPF1b
Omba,obK-12,Malorie,Brewood,mbrewood2y@google.es,4J4tokhqeV
Kayveo,ot7-44,Remy,Balstone,rbalstoneno@marketwatch.com,edXPB3
Flashdog,IVd-83,Maureen,Banfill,mbanfill97@typepad.com,XthHA3m
Oyoloo,qum-00,Fayth,Isenor,fisenor3g@nhs.uk,15cVqLq
Oyoloo,X4C-42,Ranee,Ochiltree,rochiltreelj@smh.com.au,pGe085ICcv1j
Skyble,jgw-88,Gabbie,Balnave,gbalnavem9@myspace.com,6T8lMv
Zoombeat,dzB-37,Isabel,Womersley,iwomersley2x@addtoany.com,ejpPl2
Topiczoom,ruz-19,Dita,Blandamore,dblandamored5@prlog.org,d4gihBF
Jazzy,nl0-49,Corabella,Schwieso,cschwiesoo7@buzzfeed.com,eHTXH0Pzs
Trilia,LAr-91,Idalina,Moreland,imorelando0@google.co.uk,Qkd8T6Is3
Eabox,k07-40,Beryl,Lanchester,blanchesterb1@miibeian.gov.cn,G95vsP
Youspan,UPB-29,Nicole,Lunge,nlungehu@yolasite.com,Emn8HE7DQsu
Blogpad,w9H-19,Mimi,O'Loinn,moloinn9v@theatlantic.com,7OGZreWxqXV
Tavu,7RU-90,Ronni,Pynn,rpynnj3@nhs.uk,jh1oQxN
Aivee,rLW-16,Winni,Madre,wmadrejl@quantcast.com,QtNifE
Devcast,Q6B-81,Dyana,Bessell,dbessellbw@parallels.com,pfdWSZAypZI
Oyonder,qo5-04,Leonelle,Scotson,lscotsond7@hugedomains.com,OOtQVeMd
Kwideo,5Kl-32,Frederique,Mugridge,fmugridge57@qq.com,Uwbb6m8
Jazzy,6Hu-46,Wrennie,Rahl,wrahlnc@seattletimes.com,7VAq2f4G6Wb
Fiveclub,S5Y-76,Fred,Medland,fmedland2v@posterous.com,hdQzmc0bkI
Meezzy,0hy-08,Marla,Gritsunov,mgritsunovd2@360.cn,FXGpZ5he
Yamia,fNF-37,Goldina,Popeley,gpopeleyoq@usatoday.com,yqjvkUFOb
Thoughtbridge,mOW-61,Raquela,Livingstone,rlivingstonem8@economist.com,QraNaMQc7
Devify,IJP-71,Ara,Iddison,aiddisonbc@amazon.de,wdnBZbL
Yamia,Pt2-38,Verena,Mulberry,vmulberrygk@squarespace.com,CoDtE2tMSJzM
Wikivu,ejm-29,Anna-diane,Vivers,aviversjs@skype.com,rNm66S566uW
Oyonder,Vpd-95,Shela,Janu,sjanuhf@indiegogo.com,UscpJiGnNp
Pixonyx,0OR-05,Philippine,Kelsell,pkelsellov@pcworld.com,l911eAW
Teklist,qyJ-35,Marcellina,Paladino,mpaladino1f@nationalgeographic.com,Rpuyos
Mybuzz,63O-68,Laurena,McCleverty,lmccleverty2l@utexas.edu,8CIt3VsRC4g
Meezzy,Tub-47,Em,Bullman,ebullmanmg@hostgator.com,TizuPdHdCC2o
Ailane,PqH-34,Andi,Verdun,averdun6v@bravesites.com,EFbujkUVD
Ntags,vzn-66,Linnell,Cicutto,lcicuttoow@vistaprint.com,hamSRtF
Feednation,Zw6-25,Emalia,Goaks,egoaks22@nationalgeographic.com,5iPfdS14
Trilia,I1Y-68,Kirsteni,Hryniewicki,khryniewickime@ask.com,Z55uZW9Z9XfN
Twitterwire,3z2-97,Joellen,Creese,jcreesemp@ovh.net,4rYZs6
Dabtype,722-77,Tracey,Kopisch,tkopisch5y@nasa.gov,yNzzD9X0
Flipbug,ZK0-40,Lettie,Woakes,lwoakesc5@taobao.com,bauH0wKRkqxt
Trudeo,VWb-92,Felecia,Sowman,fsowmanec@amazon.de,R1qPFxm2y
Realfire,8KI-30,Diannne,Maciunas,dmaciunas67@i2i.jp,m7rJOW4w
Dabfeed,5jA-81,Kaila,Genny,kgennyr3@opensource.org,iU9v1B
Devify,mk3-78,Cele,Thain,cthainbn@myspace.com,b18hxNj4
Jamia,aFw-06,Florina,Stammers,fstammerskf@so-net.ne.jp,xLgWqxdYtXdr
Twimm,5lf-64,Quintana,Crumbie,qcrumbie3o@smh.com.au,3F2OsyFJII
Feednation,uGb-57,Umeko,Ronayne,uronayneey@disqus.com,QCM2pXMBSVEh
Talane,7Lr-61,Aggie,Lovewell,alovewellgc@csmonitor.com,FVC8S6fdE
Twimm,W5T-37,Carolan,McCool,cmccoolbu@si.edu,mhBQ0t5zbhY
Yadel,z5y-84,Brigitte,Jeenes,bjeenesdh@skyrock.com,4iMT2r3YJM
Gevee,IzG-47,Zilvia,Summers,zsummers47@mapy.cz,QMqUIp535
Tagpad,5OT-05,Lee,Filkov,lfilkov81@wsj.com,yJZpMn
Thoughtbeat,sD8-63,Leslie,Newlands,lnewlandsf9@ihg.com,MLYa2q
Gigashots,zbx-82,Maureene,Scollick,mscollickm3@blogs.com,HNInlFjo
Babbleblab,umF-83,Mariel,Ritter,mritter4r@shop-pro.jp,YBI1phUn
Zoomdog,keZ-00,Kassey,Sarton,ksarton5e@spotify.com,XdNhfDN1pAVR
Photofeed,aAL-49,Gabrielle,Spiring,gspiringhi@telegraph.co.uk,rci66F
Yamia,kgw-35,Dagmar,Pergens,dpergensk2@qq.com,pg2j5k5
Jazzy,cHw-99,Cathy,Johananov,cjohananov8d@behance.net,tCCfGL
Trudoo,6pK-90,Jilleen,Scollick,jscollickl2@tripadvisor.com,GX90q4qi
Topiczoom,A9A-95,Collen,Dysert,cdysert95@addtoany.com,WdtAMBqK
Twitternation,qU7-52,Sherri,Orringe,sorringejj@engadget.com,gGGOCkSZFIh
Oyondu,X7Q-16,Deena,Booy,dbooyas@cpanel.net,yMfn4I87tCi
Thoughtstorm,UwZ-79,Tomasina,Fullman,tfullmanaa@paginegialle.it,Dwl00X
Skyvu,Zit-19,Otha,Dewberry,odewberryjt@dmoz.org,KXM9wpg
Yamia,MI6-88,Selia,Castagna,scastagnaln@nymag.com,mTpNHtolB
Flipbug,Aa4-97,Angelina,Tonbye,atonbye4f@prlog.org,ytCBWIcr
Vinder,yPr-24,Robinett,Chipperfield,rchipperfieldbd@bbb.org,NWkLf4
Twitternation,wMo-56,Sianna,Meharg,smeharg6q@vkontakte.ru,fXRmgP2EiOW
Meezzy,RQz-69,Concettina,Demschke,cdemschkeih@stanford.edu,7rMHa0ezo1h
Shuffledrive,Jza-28,Charline,Nield,cnield1l@hostgator.com,JGW5A9qq98A
Flashpoint,9GB-34,Sharyl,Klemencic,sklemencicq9@ehow.com,mQQJo723
Thoughtmix,Ukd-01,Bree,Ridder,bridderm0@spiegel.de,mIhqtcu2JFvg
Dynabox,yRg-58,Imogen,Muat,imuataw@craigslist.org,44UNUrmAMZW8
Blogspan,gPb-89,Neysa,Francomb,nfrancombnt@moonfruit.com,03f0TYHrChCN
Skiptube,hyg-69,Jorie,Satterfitt,jsatterfittbk@vimeo.com,GPUl0naNg
Mycat,2JG-93,Marika,Crain,mcrainos@disqus.com,kEl43OGdHWP
Rooxo,52t-84,Ramonda,Kane,rkane5@geocities.jp,amdFpAoJxRjN
Babbleblab,HUt-99,Sidonnie,Heathfield,sheathfield9m@trellian.com,Zv2D5Y
Realcube,4Kc-92,Aprilette,Backhouse,abackhouse7u@jugem.jp,LDHMRP9YiAR
Buzzdog,kcZ-91,Candida,Tomaini,ctomaini2h@slate.com,Il6teI0v5kcc
Meevee,usC-84,Marlo,Lynock,mlynockbv@whitehouse.gov,nbM47v0HULD
Vinte,wIb-62,Filia,Christauffour,fchristauffour7z@flavors.me,Jv9abLo
Edgeify,HSt-05,Maryellen,Dumphrey,mdumphreypp@pen.io,tiDjKg9
Fadeo,JnZ-37,Amity,Farran,afarran6i@123-reg.co.uk,H1PO5eU
Centimia,kt0-29,Anastasia,Friberg,afribergnj@simplemachines.org,7c4AI5mLO
Oyoloo,MF6-96,Eddi,Eardley,eeardley8k@meetup.com,y5glbHz
Gigaclub,eeL-77,Shoshana,Lisciardelli,slisciardelli9d@hhs.gov,8zQbUaSBnA
Meetz,TI2-98,Myra,Boyack,mboyack9z@princeton.edu,ctOmaj5W4U
Zoonoodle,kCV-46,Janka,Birtwell,jbirtwellbr@icio.us,zlrvL7P
Dablist,DmU-32,Tandy,Summerley,tsummerleyhb@jigsy.com,4vhb5iF
Skaboo,jGJ-65,Ortensia,Popeley,opopeleyab@instagram.com,NL0OzEM
Tekfly,onI-56,Jayme,Bleything,jbleything9x@biblegateway.com,GvcIftlOsySA
Yodo,sHM-61,Stacee,Stradling,sstradlingge@macromedia.com,Id7jYG1X
Talane,FfI-43,Kimberly,Nerger,knerger1y@archive.org,kkwfUCSzJ8t
Wordware,GiR-60,Margy,Kimberly,mkimberly5j@naver.com,ObOaMLddxf8
Tambee,YJm-85,Lanny,MacGillreich,lmacgillreich11@nifty.com,CJ9t5R
Skalith,ync-97,Anissa,Van Halle,avanhalleoo@mashable.com,q6VrAjvuLzI
Blogtag,GNJ-33,Delores,Kelso,dkelso5x@acquirethisname.com,iHwC1D
Kazu,QLp-70,Miranda,Capps,mcappsb0@chron.com,ecZtrlXPS
Muxo,DxJ-39,Colleen,Dengate,cdengate23@ask.com,vZHewp3xYgIQ
Tagcat,pfO-13,Marja,Mcmanaman,mmcmanaman91@intel.com,CxNFB9NfnOYb
Cogidoo,mqR-62,Madelon,McCree,mmccreefh@usa.gov,iIQCwsovw8y
Layo,0NK-88,Ginevra,Stair,gstairqm@dailymotion.com,rWil2CgNGku
Vidoo,626-44,Fidelity,McKitterick,fmckitterickr4@imdb.com,k3G3uBZIAZh
Zoomcast,zwv-48,Ondrea,Edgerley,oedgerleyaf@forbes.com,0NLeUyZ
Edgeblab,MYt-29,Gabriell,Kattenhorn,gkattenhorn1v@ucsd.edu,55FoGRKqd6o
Kazio,Wb2-25,Babs,Coulson,bcoulsonop@yahoo.co.jp,j0HT4yd6kx
Brainsphere,IKL-35,Amelina,Giercke,agierckee3@apple.com,oODUAy
Fiveclub,HmI-54,Alina,McCurry,amccurry6u@multiply.com,WQk70KAFK
Feedfish,SzI-24,Jessamine,Searjeant,jsearjeantoy@mediafire.com,s3onL95
Kwideo,K3k-15,Fae,Maddrell,fmaddrellqz@earthlink.net,BsMiUhwwcqzL
Topiclounge,ffK-32,Raychel,Sambles,rsamblesn1@vkontakte.ru,LddEXtb
InnoZ,mL0-21,Dosi,Purbrick,dpurbrickmn@vk.com,lXyzWrGVV6cv
Quinu,EDD-55,Kissie,Mc Giffin,kmcgiffin9u@noaa.gov,T162DH
Edgeify,qum-00,Fayth,Isenor,fisenor3g@nhs.uk,vgVGlog
Tazz,UhN-81,Bryana,Camfield,bcamfieldgh@berkeley.edu,vmiHJ20HS
Linktype,hhx-39,Gwendolen,Barfford,gbarffordgp@jigsy.com,AZ5EK3o2zJno
Meeveo,1eI-83,Molli,Ullyott,mullyott5t@miitbeian.gov.cn,uo44AOfb7bd
Gigaclub,NVf-54,Juditha,Winborn,jwinbornmx@fotki.com,BX31FjTsv
Gigazoom,151-69,Stacee,Vasyunichev,svasyunichev5v@usda.gov,G51yemiVXqD
Oyonder,Bsl-02,Konstance,Croucher,kcroucher4w@oaic.gov.au,Rkvk79
Youbridge,voI-18,Gerti,Leadstone,gleadstoneqd@oakley.com,hDt6XVOPe
Brainlounge,sQe-12,Vannie,Pentecost,vpentecost2j@barnesandnoble.com,Y8ZHl2TXvQ0t
Centimia,OfD-25,Crystal,Buttery,cbutterycr@pagesperso-orange.fr,TZScbpfbo
Gigashots,YWH-42,Camel,Danshin,cdanshinkc@zdnet.com,0pUA3gj2
Edgeclub,AgA-41,Elga,Panks,epanksc8@cnn.com,U2SqiBYZQSl3
Meevee,pV9-36,Janella,Revell,jrevell7d@behance.net,GJYhdA
Meemm,KIy-42,Cristy,Clearley,cclearley2@cmu.edu,PbQBJ1m95
Zooveo,EzM-77,Nicol,Jovovic,njovovic2p@unesco.org,YIMmlf
Meeveo,TZA-12,Farrah,Schusterl,fschusterlkb@nasa.gov,vje66qAAWW3k
Podcat,OAA-90,Ki,Gorstidge,kgorstidge3b@dot.gov,Xip8NKDYREb
Oyoloo,GbK-48,Zelma,Croote,zcrootegv@sina.com.cn,tmbxMSO0cgT
Skynoodle,pcJ-79,Fred,Salzburg,fsalzburge7@pcworld.com,QdhJd2F
Janyx,efB-63,Gratia,Peacop,gpeacopjn@merriam-webster.com,XCvv8jgpsp
Fivespan,rsD-83,Shela,Milier,smilierhs@boston.com,R5OPgC0zw
Yakidoo,T12-66,Carita,Spaven,cspaven8v@storify.com,QKcfrJ85t
Brightbean,nb1-23,Devinne,Gannan,dgannanio@mapquest.com,kIPk822ECL
Tagchat,Ypd-78,Wenona,Barhams,wbarhamsc6@friendfeed.com,OL22tjvOtaB
Jabbersphere,nvG-34,Cherida,Elsom,celsomml@go.com,v6ABkLbO2NbQ
Livepath,vmz-25,Nissa,Storms,nstorms9y@newsvine.com,LBCfBv6
Dablist,0vZ-04,Corella,Niessen,cniessenlm@seattletimes.com,wAg6fyAVo
Oloo,gM5-01,Tonia,Vasyatkin,tvasyatkin9o@nasa.gov,HllcnD1QCRz3
Skajo,w9H-19,Mimi,O'Loinn,moloinn9v@theatlantic.com,NingoU6mCSDA
Eadel,5pr-47,Amelina,Downe,adownean@woothemes.com,FaVpdN6t02N
Twinder,TkQ-06,Josee,Seer,jseerhp@nhs.uk,xsiGaDM
Oyondu,9kq-00,Karole,Goldstone,kgoldstonept@google.com,Zd6XMW
Yamia,MyW-60,Thomasin,Serle,tserle76@arstechnica.com,1ABSox
Thoughtstorm,hpt-12,Charleen,Rosenthaler,crosenthalercq@behance.net,CrZkCtPlYgO
Pixonyx,RKH-00,Carlotta,Poles,cpolesca@devhub.com,JV7vBDP59r8
Buzzshare,As3-33,Jo-anne,Casarino,jcasarinopn@elegantthemes.com,ARBud0yTOWZ
Cogibox,GzL-06,Celestyna,Rollo,crollo59@cornell.edu,kJLsw4
Realmix,vAh-53,Cariotta,Speer,cspeer8c@cafepress.com,edhpvG9urA
Chatterbridge,gNO-17,Electra,Lambrecht,elambrecht9n@nydailynews.com,wHjZ2R
Quatz,7iq-22,Junia,Worrall,jworrallrc@unc.edu,mvkDZAdCQ
Zoovu,R6W-50,Marquita,Colquitt,mcolquittra@tamu.edu,Xyt112W
Thoughtblab,o5Z-23,Caro,Szepe,cszepe1j@narod.ru,RZE1VB4OK
Yata,ggc-54,Michell,Acreman,macremanoi@dot.gov,l67TS03
Buzzster,hv6-33,Elicia,Hernik,ehernikfm@blogger.com,YHWMgOFNjBc
Riffpath,enS-22,Guinna,Mallia,gmalliag@amazon.co.uk,DFTgI6
Mynte,nO2-90,Doralynne,Cookes,dcookes5u@indiatimes.com,gID61Bo6L
Quatz,98Q-78,Marlie,Reynish,mreynish6e@vistaprint.com,HpwjKohHT
Midel,cNb-66,Lil,De Bruijne,ldebruijnefw@icio.us,JSboNAc2F
Twitterlist,qFU-61,Maribeth,Wintersgill,mwintersgilli9@examiner.com,nEKwbAypvzh
Minyx,d74-94,Heath,Cranefield,hcranefieldom@vk.com,cBCEHs5Kqh
Camimbo,GWd-40,Emlynne,Garriock,egarriocky@telegraph.co.uk,uB4wEdi
Skimia,zbx-82,Maureene,Scollick,mscollickm3@blogs.com,8ZuTCAEuh
Twitterworks,oMX-14,Nicolle,Maclean,nmacleanck@bloomberg.com,2OpEfX
Feedmix,NNF-21,Malorie,Hall,mhall6@4shared.com,kFiD7Zw91c4
Oodoo,Hbj-61,Cordelia,Abadam,cabadam2n@bloomberg.com,picVlZk
Quimm,y5J-44,Chandra,Peret,cperetbe@berkeley.edu,MvldpCMB
Camimbo,F1m-82,Tine,Maureen,tmaureenn2@ox.ac.uk,PHzHZB
Teklist,ghN-81,Murial,Schwerin,mschwerinbo@cpanel.net,3b7950Loc
Skippad,WX8-05,Lou,Quogan,lquogandm@uol.com.br,Q4ZcBK0rH
Livetube,mOW-61,Raquela,Livingstone,rlivingstonem8@economist.com,I83TXnH
Zoomlounge,Ntl-06,Harmony,Utley,hutleyd3@mozilla.org,GsQNyj
Skinder,Eza-10,Binni,Gentner,bgentnerho@answers.com,LzI8XxP
Twitternation,ptt-04,Robena,Buckbee,rbuckbeea7@homestead.com,7DKHebJ3M
Gevee,j3S-82,Tonya,Fairbard,tfairbardi5@opera.com,21cTj4qAOdi
Mydo,JdT-36,Ryann,Dransfield,rdransfieldjv@patch.com,ZUkzwuRmDS
Shufflebeat,EUl-94,Kimberly,Venart,kvenartqi@topsy.com,St5hmJ5E
