Booking_ID,Emp_Id,Date,Start_Time,End_Time,Time_zone
xVk-94qP,bM8-41,2020-01-11,1:17 PM,12:38 AM,Asia/Krasnoyarsk
brt-96ha,R6W-50,2021-09-27,3:25 AM,7:23 PM,America/Sao_Paulo
RzI-67PS,bnZ-81,2020-02-29,2:09 AM,8:40 AM,Europe/Moscow
e2N-81qi,wKW-40,2021-05-30,8:04 PM,9:12 PM,Asia/Karachi
OX1-41Bt,SJl-77,2020-12-08,10:40 AM,1:53 PM,Asia/Jakarta
cGX-44F9,zKi-42,2021-06-03,11:47 AM,5:12 PM,America/Argentina/Cordoba
5Ta-64Az,Zw6-25,2021-07-07,7:30 AM,8:41 PM,Asia/Jakarta
jDr-36d2,Lxv-99,2021-11-16,1:38 PM,8:25 PM,Africa/Dar_es_Salaam
cMR-44RP,KNf-87,2021-05-11,10:29 AM,2:42 PM,Asia/Karachi
Llz-17Rv,mk3-78,2020-09-06,12:24 PM,8:55 PM,Asia/Jakarta
3hQ-94oX,JnZ-37,2020-06-06,9:53 PM,12:35 AM,Europe/Tirane
zIp-984I,X4C-42,2021-12-04,2:55 PM,2:20 PM,Asia/Makassar
2Y2-61iD,9Es-81,2020-05-28,7:32 AM,9:37 AM,Europe/Stockholm
nUT-07H4,KtI-30,2020-03-10,4:14 AM,10:25 AM,Europe/Moscow
xSo-05PH,cO2-35,2021-10-12,12:26 PM,1:04 PM,Asia/Makassar
HZ6-73d5,e2d-13,2021-09-04,1:25 PM,2:29 PM,Europe/Prague
aGM-76sW,V6k-06,2020-08-18,8:39 PM,4:30 AM,Europe/Prague
X7P-91v9,UVC-20,2020-01-18,7:50 AM,7:22 PM,Asia/Chongqing
JPY-84Et,EDD-55,2021-08-03,3:56 AM,9:42 AM,Europe/Stockholm
LkZ-00sf,Ez7-40,2021-10-25,12:38 PM,8:40 PM,Africa/Kigali
H7v-40H6,63O-68,2021-02-22,2:03 AM,5:16 AM,Europe/Lisbon
OeB-53dE,MF6-96,2020-01-20,9:25 AM,7:50 PM,Asia/Shanghai
JgS-72wl,P9O-88,2020-07-05,6:48 PM,7:20 PM,Asia/Chongqing
Eeq-579g,cHw-99,2020-07-12,2:04 PM,4:51 PM,Europe/Lisbon
nUs-97m0,Sie-89,2020-12-31,8:56 AM,8:49 AM,Asia/Manila
4lr-75Zg,o0i-31,2020-08-06,4:44 PM,3:13 PM,Europe/Volgograd
P64-32YG,byf-70,2021-10-15,4:26 AM,4:10 PM,Asia/Kabul
IxO-75T9,ewE-20,2021-04-16,7:33 AM,5:24 AM,Asia/Yerevan
xRh-64kg,fNF-37,2021-10-31,5:57 PM,9:34 AM,Africa/Johannesburg
G5v-69OI,aBW-32,2020-05-15,12:13 PM,3:41 PM,America/Asuncion
MVp-427Q,jBh-11,2021-09-04,3:26 PM,8:38 PM,Asia/Jakarta
aXw-12dq,Pt2-38,2021-08-10,7:22 PM,7:34 AM,Europe/Stockholm
QGd-53LM,X5H-63,2021-06-02,10:15 AM,4:07 PM,Europe/Moscow
Ewu-53NA,C9A-01,2020-11-21,10:13 PM,10:37 AM,Asia/Chongqing
OUE-44W6,zyM-72,2021-11-26,7:54 PM,3:14 PM,Asia/Chongqing
dAN-21II,4XN-60,2021-07-20,5:43 AM,9:20 PM,America/Havana
A5P-81J0,jgi-75,2021-10-01,9:36 PM,9:24 AM,Asia/Bangkok
36a-78AA,A0j-51,2020-12-13,5:41 AM,8:02 PM,Africa/Johannesburg
egR-94iU,iVb-20,2020-12-10,7:48 AM,2:37 PM,America/New_York
C3k-79ZS,xqO-32,2021-05-16,5:27 PM,2:53 AM,Asia/Shanghai
IMB-71io,a0d-46,2021-12-08,3:01 PM,8:12 AM,Europe/Moscow
IgB-431J,e9B-75,2021-03-16,1:53 AM,1:25 AM,Europe/Malta
SHH-62Wo,IzG-47,2020-11-27,7:08 PM,12:45 AM,Asia/Manila
3N1-77mP,dWo-17,2020-02-21,2:13 AM,8:13 AM,Europe/Zaporozhye
Kzv-49kF,n1d-98,2020-08-22,12:02 AM,4:47 PM,Asia/Makassar
Rdy-13Rb,aAa-73,2021-05-15,6:51 AM,3:26 AM,Europe/Athens
spg-98Mq,j4V-88,2020-10-02,1:34 PM,8:57 AM,Asia/Seoul
aSB-39LY,QNn-25,2021-07-04,3:01 AM,1:53 PM,Asia/Jakarta
OiH-80lA,4Kg-59,2020-05-31,8:30 AM,8:40 PM,America/Argentina/Cordoba
chV-27ol,2YW-87,2020-01-12,7:37 AM,5:20 AM,Asia/Manila
O7Q-36Wp,Au6-46,2021-07-28,3:41 AM,12:46 AM,Asia/Makassar
CzF-06sp,BjQ-85,2021-03-19,11:41 AM,11:59 AM,Europe/Warsaw
Sql-23A9,ojO-96,2020-07-06,6:20 AM,5:23 AM,Asia/Chongqing
9J9-99pZ,fJY-96,2020-10-07,11:09 AM,3:31 PM,Europe/Moscow
5Hq-20dB,w9H-19,2020-12-10,7:37 PM,3:19 PM,Asia/Bangkok
E1H-83Gp,mYb-56,2020-06-23,11:59 AM,5:23 AM,Asia/Urumqi
mjI-69dN,GiR-60,2021-05-25,12:32 AM,10:51 AM,Asia/Shanghai
pNA-61xN,lON-60,2020-12-11,2:54 PM,1:07 PM,Asia/Chongqing
Odg-12qI,gCh-62,2020-12-09,3:27 AM,1:40 AM,Asia/Seoul
3gk-53GX,8Xq-33,2020-06-03,9:56 AM,2:44 PM,America/Havana
NAY-63IL,VO6-61,2020-06-17,5:00 PM,12:05 AM,Asia/Chongqing
QvM-37oP,qGq-97,2021-06-19,10:14 AM,2:32 PM,Africa/Dar_es_Salaam
Bly-56G2,cC8-68,2020-01-27,3:34 PM,4:08 AM,Europe/Prague
pFB-44vR,KFQ-86,2021-02-06,12:17 AM,11:20 AM,Europe/Oslo
Nyx-21zD,b8J-00,2020-02-24,11:00 PM,7:40 AM,America/Lima
wAv-57xa,7n5-23,2021-03-03,11:22 PM,2:15 PM,Asia/Jakarta
8Js-664q,8KI-30,2020-01-21,9:59 PM,9:13 PM,Asia/Manila
gOS-41Z6,OfD-25,2021-02-09,6:38 AM,6:31 PM,Europe/Prague
nf9-79jr,gf7-62,2021-07-21,6:46 AM,3:12 PM,America/Bogota
tjn-52yU,GWd-40,2020-08-06,4:45 PM,5:13 AM,America/Bogota
itX-88nW,NVf-54,2020-08-31,9:31 AM,10:53 PM,Asia/Chongqing
9mQ-29Bv,Ty4-07,2021-10-13,1:20 PM,7:21 PM,Asia/Jakarta
rkR-47ZY,cqi-62,2020-11-03,1:06 AM,6:08 AM,Asia/Karachi
2BT-139X,mrb-97,2021-04-08,7:53 AM,6:35 AM,Asia/Tehran
rNE-99uZ,FAS-48,2020-11-20,3:03 AM,9:54 AM,Europe/Moscow
68L-97xV,ejm-29,2020-11-24,8:35 AM,8:38 PM,Asia/Jakarta
PNK-37KQ,XwU-65,2020-04-09,8:17 AM,3:27 PM,Asia/Manila
4U7-5085,BjG-40,2021-10-10,1:46 AM,3:13 AM,Europe/Oslo
4GG-48cG,7H7-45,2020-05-18,5:28 PM,11:58 PM,Pacific/Port_Moresby
YNX-25uZ,yrU-46,2021-11-27,4:20 AM,4:18 AM,Asia/Manila
foY-32Df,Fbb-24,2020-08-30,10:28 PM,5:42 AM,Africa/Addis_Ababa
X2I-46Cg,eQ4-78,2020-05-28,9:17 PM,10:25 PM,America/Fortaleza
RWn-625o,epR-98,2021-05-17,6:53 PM,1:57 AM,Asia/Chongqing
MUF-8726,aQ9-40,2020-03-07,4:46 AM,7:44 AM,Asia/Shanghai
rNS-41sS,RHP-38,2020-07-17,7:01 PM,11:56 AM,Asia/Bangkok
LVh-71hY,UDw-30,2021-05-12,11:38 AM,2:15 PM,Asia/Manila
d0d-217k,WeP-09,2020-02-27,5:12 AM,7:23 PM,Africa/Lagos
lvi-004J,iIr-17,2020-03-08,2:41 AM,10:37 AM,America/Bahia
z2L-425b,onY-14,2020-12-05,1:24 AM,5:01 AM,Asia/Manila
Swa-27JV,cdg-34,2021-02-04,12:13 PM,11:55 PM,Asia/Manila
IFD-134M,xQI-31,2021-09-04,6:48 PM,12:42 AM,Asia/Bangkok
zuA-558a,NVq-36,2021-07-22,12:24 PM,2:30 PM,Europe/Stockholm
WJI-41yU,J63-52,2021-01-22,9:15 AM,7:09 PM,Asia/Tokyo
eTe-32JP,f0h-40,2021-03-06,11:33 AM,1:36 AM,America/Edmonton
CBZ-22UE,e8l-42,2020-04-20,10:02 PM,10:43 AM,Asia/Harbin
GYt-50xJ,27l-25,2021-02-19,3:26 PM,4:23 PM,Asia/Chongqing
wKr-46c9,wy3-14,2020-02-03,8:27 AM,6:54 AM,Asia/Chongqing
Qfl-85Jc,sXm-00,2021-11-26,6:52 AM,2:55 AM,Europe/Stockholm
9z8-58Zc,wQw-77,2020-04-23,11:09 PM,2:46 AM,America/Sao_Paulo
CRC-42OT,wGr-72,2021-04-24,6:50 PM,1:27 PM,Europe/Warsaw
Vjf-118K,voI-18,2021-08-05,7:19 PM,4:38 PM,Asia/Shanghai
NUX-211U,4bI-81,2020-05-27,9:27 AM,9:08 PM,Asia/Manila
WKA-0903,7sq-32,2021-06-16,8:55 PM,9:19 AM,Asia/Jakarta
dQe-83Ao,cAR-02,2020-11-16,10:48 PM,6:58 PM,Europe/Stockholm
EfU-69rh,qjw-15,2021-06-07,10:22 AM,3:54 PM,Asia/Shanghai
8IG-10vH,kCV-46,2020-05-28,10:50 PM,1:11 PM,Asia/Jakarta
Mpo-85QZ,8Up-11,2020-01-09,5:50 PM,6:21 PM,Asia/Chongqing
ZyB-48L5,OnM-75,2021-04-11,8:59 AM,11:29 AM,Asia/Aden
jzN-94mx,oms-90,2021-05-18,12:15 PM,11:49 PM,Asia/Makassar
FLQ-565j,gVw-01,2021-03-07,2:30 PM,8:57 PM,Asia/Kashgar
FML-89cY,Xhn-98,2020-12-21,2:49 AM,10:50 PM,Europe/Skopje
c2r-10on,JO1-88,2020-05-09,12:15 AM,9:43 PM,Europe/Warsaw
p1M-02pQ,4LY-82,2020-12-20,3:30 PM,11:00 PM,Europe/Lisbon
m2l-48b4,umF-83,2020-06-11,3:59 AM,8:23 AM,Asia/Pyongyang
ugI-05xY,NYu-61,2020-11-11,11:44 PM,3:20 AM,America/Lima
gKS-608L,dQ5-98,2021-10-24,8:37 AM,8:44 AM,Asia/Shanghai
EIT-72e3,RQz-69,2020-07-08,2:19 PM,4:59 AM,Asia/Chongqing
8rG-91IZ,BQP-32,2020-03-10,12:31 AM,10:54 PM,America/Mexico_City
upG-240X,2FO-18,2020-07-11,4:59 PM,1:11 PM,Asia/Manila
8KZ-40P4,adK-94,2021-12-01,11:10 PM,5:39 AM,Europe/Warsaw
3q1-93um,M7s-86,2021-07-19,10:09 AM,2:03 AM,Asia/Yekaterinburg
3mt-39gD,r8b-14,2021-09-17,1:18 AM,4:29 PM,Asia/Makassar
gFg-73ZF,EUl-94,2021-09-10,4:25 AM,1:43 PM,Asia/Shanghai
64S-31eF,kHn-32,2020-02-25,1:27 AM,7:32 PM,Asia/Yekaterinburg
gIL-88Px,veL-88,2021-02-17,11:23 PM,2:21 AM,Europe/Warsaw
y8B-77TP,m20-08,2020-11-14,2:39 AM,1:44 PM,Europe/Athens
a7L-79Qf,hns-64,2021-05-24,3:34 AM,12:42 AM,Asia/Ho_Chi_Minh
eU5-27V5,jVh-70,2021-05-04,7:24 AM,5:50 AM,Europe/Lisbon
3WU-30iM,r8b-14,2021-09-08,10:28 AM,10:01 PM,Europe/Helsinki
VFx-31nt,I1i-14,2021-04-25,2:42 PM,10:12 AM,Europe/Oslo
5SD-56tY,RFk-11,2020-01-03,3:42 AM,1:47 PM,Africa/Addis_Ababa
8yw-61Xe,F5I-82,2021-11-04,8:58 PM,2:02 PM,Africa/Addis_Ababa
4dK-95VH,R5N-24,2021-10-17,8:39 PM,12:05 PM,Asia/Makassar
mEJ-87tA,LVu-44,2021-04-28,7:10 AM,9:21 AM,Europe/Moscow
8Dq-08ek,3DH-40,2020-10-08,11:41 AM,8:54 PM,America/Rio_Branco
w29-82m0,Qc5-47,2020-01-13,1:47 AM,1:56 AM,America/Los_Angeles
Mgv-29Ez,iGW-00,2021-08-03,8:59 PM,8:37 AM,Europe/Moscow
PEY-27eC,Eza-10,2021-02-03,1:21 AM,5:11 AM,America/Bahia
0U4-894Y,YjA-52,2020-04-07,12:58 PM,8:37 AM,Africa/Cairo
KiE-27L9,xyu-88,2021-08-29,12:10 PM,7:53 PM,Europe/Madrid
xHx-00oX,j3S-82,2021-11-14,6:56 PM,7:51 PM,America/Caracas
6Xi-51in,wQw-77,2020-10-11,6:04 PM,8:16 PM,Europe/Prague
b2g-93QS,ODy-99,2021-09-05,11:27 AM,1:34 AM,Asia/Kuala_Lumpur
2px-09iR,DcM-48,2020-07-19,1:27 PM,7:09 PM,Europe/Oslo
Y58-93xw,hhx-39,2021-05-17,3:15 AM,6:42 AM,Europe/Prague
L4y-541H,P0v-97,2021-10-20,9:01 AM,12:51 PM,America/Maceio
wlw-99qI,Pf7-06,2021-04-24,2:27 PM,7:47 PM,Asia/Bangkok
Awf-11GU,UqN-61,2020-12-03,5:33 PM,9:11 AM,Asia/Chongqing
Koh-75l4,X4C-42,2021-05-16,10:12 AM,3:00 PM,Africa/Lagos
fmG-21q0,LYq-43,2020-11-17,4:14 AM,6:13 PM,America/Argentina/Cordoba
WT3-19Ay,X4B-32,2021-09-12,5:06 AM,1:43 PM,Asia/Manila
Fct-02Cj,8yv-04,2020-01-13,11:43 PM,12:44 AM,Europe/Dublin
nb0-93IG,bhm-65,2020-07-25,10:03 AM,4:08 AM,America/Bahia
hRa-45T8,eQY-02,2021-05-31,12:15 PM,2:52 AM,Asia/Chongqing
iOk-86aT,OeG-87,2020-06-06,4:59 AM,10:14 AM,Asia/Manila
vGo-63dv,new-30,2020-01-04,11:58 PM,3:04 PM,Asia/Manila
8OY-55I9,I6e-57,2020-11-18,3:52 AM,12:37 AM,Asia/Shanghai
Omu-82Xf,dzB-37,2021-01-28,4:56 AM,5:11 PM,America/Los_Angeles
Bb1-20EG,TMQ-02,2020-09-07,6:10 PM,10:39 AM,Europe/Minsk
tMU-54p0,OeK-94,2020-05-05,7:48 PM,3:26 AM,Asia/Chongqing
PsD-01CP,nui-81,2021-09-12,4:26 AM,4:12 PM,America/New_York
kwR-82MZ,xZi-62,2020-06-19,9:21 AM,1:34 AM,Europe/Stockholm
eGM-57Q1,A69-41,2020-06-10,2:16 PM,5:48 PM,America/Sao_Paulo
z33-29DI,pbN-64,2021-08-02,6:22 PM,5:09 AM,Africa/Lagos
vh4-97Th,KVE-61,2020-08-29,6:15 PM,5:05 AM,America/Fortaleza
gpa-81cg,eU0-70,2020-08-01,3:16 PM,3:06 PM,America/Los_Angeles
oKA-71XS,GHr-06,2021-01-26,6:56 AM,2:53 AM,Europe/Minsk
s2t-12VU,SJv-55,2021-09-09,12:47 AM,6:17 PM,Asia/Baku
4T3-77ZI,oNr-62,2020-08-01,1:08 AM,4:31 PM,Asia/Bangkok
7WP-34G7,bzR-40,2021-03-23,6:12 AM,6:57 AM,Asia/Shanghai
bnY-728w,151-69,2021-05-04,8:42 PM,7:00 PM,America/Montevideo
FI1-88Ll,DFX-23,2020-10-08,4:13 PM,5:04 PM,America/Bogota
JYz-98Gk,27l-25,2020-03-02,1:41 AM,1:02 PM,America/Sao_Paulo
Cbf-19lx,eP9-07,2020-10-26,1:23 PM,10:17 AM,Asia/Manila
yq3-32JO,jQi-51,2020-01-13,11:15 AM,8:54 PM,Europe/Athens
mTV-69z8,wGf-13,2020-02-08,5:37 PM,6:15 AM,Asia/Makassar
XJ8-46vY,nra-15,2020-09-21,6:18 AM,1:43 AM,America/Tegucigalpa
eu0-31w3,Z4T-34,2020-07-26,6:11 AM,5:06 PM,Europe/Warsaw
xcq-67pX,VWN-28,2020-01-10,3:15 AM,7:24 PM,Asia/Shanghai
Crs-85Xi,LWF-03,2020-01-12,2:58 PM,9:18 PM,Asia/Jakarta
ZYN-443g,NPT-62,2020-07-22,11:13 AM,4:39 PM,Asia/Shanghai
Ql3-19Ba,Ie6-51,2020-09-21,3:13 PM,9:47 AM,Europe/Stockholm
yrZ-68wT,Iv8-53,2020-04-11,10:43 PM,12:40 PM,Asia/Damascus
L0f-16A4,ayg-46,2020-10-18,11:05 AM,4:40 PM,Europe/London
VBb-431w,HfN-66,2021-11-10,5:20 PM,11:58 PM,Asia/Jakarta
SEK-55fb,7sq-32,2020-07-27,1:42 AM,12:32 AM,Asia/Makassar
f6N-580w,75z-97,2020-07-27,2:33 AM,1:53 PM,Europe/Vienna
hqT-53QL,LCk-65,2021-10-07,11:57 PM,3:26 AM,Asia/Chongqing
Vs5-61Zh,iIr-17,2021-12-02,12:16 PM,5:53 AM,America/Fortaleza
Sxj-25Oq,8Up-11,2021-09-12,11:31 PM,1:57 PM,Asia/Chongqing
AoU-69DH,hpt-12,2021-12-01,9:01 PM,4:16 PM,Asia/Shanghai
W5P-37R3,XwU-65,2021-11-26,5:44 AM,1:25 PM,America/Bogota
6YY-47kV,POr-08,2020-09-30,2:49 AM,9:36 PM,Europe/Stockholm
ugG-16QQ,6ow-48,2020-09-21,3:09 PM,8:48 AM,Europe/Kiev
cFq-66gR,QLp-70,2021-07-21,9:14 AM,6:49 AM,Asia/Chongqing
orI-67bK,qi8-99,2020-01-19,5:21 PM,7:16 AM,Europe/Uzhgorod
psZ-60BO,SV2-53,2021-02-12,5:02 PM,12:33 AM,Europe/Warsaw
y3n-659P,Dkw-56,2021-02-06,4:09 AM,6:51 AM,Asia/Shanghai
5Bz-01Ls,ljn-30,2020-02-17,7:07 PM,7:08 PM,Europe/Zagreb
n53-151c,vmz-25,2021-04-15,11:43 AM,12:54 AM,Asia/Yekaterinburg
xzj-90If,vG2-03,2021-02-22,1:31 PM,2:55 PM,Asia/Shanghai
jVD-19Uc,QHw-33,2020-06-14,11:40 AM,2:28 PM,America/Chicago
pRX-63e1,Fbb-24,2021-06-25,4:32 AM,2:51 PM,Asia/Chongqing
5rN-07qd,3z2-97,2021-04-02,12:25 AM,1:44 PM,America/Sao_Paulo
tBS-38C9,P8R-87,2021-11-10,2:31 PM,7:20 PM,Asia/Makassar
Vvq-07Fz,uPo-54,2020-09-04,9:32 AM,11:59 AM,Asia/Shanghai
6PT-14sM,rHT-55,2021-04-26,4:05 AM,4:17 PM,America/Lima
TY4-90vT,te4-71,2021-04-05,5:32 PM,8:17 PM,Asia/Kuala_Lumpur
tnv-61hI,GCz-79,2020-12-19,6:18 PM,6:30 AM,Asia/Chongqing
d7a-35GB,qum-00,2021-04-15,1:44 PM,1:47 AM,Europe/Tirane
qyu-11pM,5vF-19,2020-07-01,12:17 AM,8:04 PM,Asia/Karachi
iqw-02UG,fNF-37,2021-01-16,1:36 AM,2:17 AM,Asia/Harbin
DKd-99Gi,OhC-98,2021-11-28,7:58 PM,6:22 PM,America/Jamaica
6ke-35Qx,iap-95,2020-11-14,12:16 PM,11:36 PM,Asia/Manila
g0N-418e,Wb2-25,2021-02-06,5:40 PM,4:59 PM,Africa/Khartoum
fN6-36Pt,JoV-04,2021-10-18,6:40 AM,4:54 AM,Asia/Jakarta
00z-09l0,Au6-46,2021-08-22,4:42 PM,2:23 AM,Europe/Moscow
2a8-19WI,gNO-17,2020-04-29,9:10 PM,7:08 PM,Asia/Jakarta
pIL-69aV,2ON-64,2020-02-07,12:12 AM,8:50 AM,Europe/Moscow
FEE-61qk,ji3-07,2021-04-08,6:05 PM,2:26 AM,Europe/Dublin
xBZ-32wC,hMK-51,2021-04-28,7:50 AM,11:40 AM,Asia/Manila
7pC-51p6,NsR-83,2021-01-17,10:10 PM,10:39 PM,Asia/Makassar
yI4-20H8,QNr-91,2021-08-21,9:45 AM,8:31 PM,Asia/Manila
HgI-09Bo,epR-98,2021-04-07,12:45 PM,8:50 AM,Europe/Lisbon
3KH-7401,fJY-96,2020-12-18,4:58 AM,3:31 PM,America/Caracas
svp-84nM,olP-63,2021-03-19,3:38 AM,4:23 PM,Asia/Jakarta
9aw-55TS,PpB-66,2021-08-05,11:00 PM,9:47 AM,Asia/Tokyo
a8s-56KB,Aa4-97,2020-12-05,11:42 AM,4:56 AM,Europe/Moscow
2jh-27G4,dqo-07,2020-03-29,1:58 PM,2:14 AM,Asia/Jakarta
CyC-58Of,bIk-32,2020-11-05,2:29 PM,2:08 AM,Asia/Ulaanbaatar
Tw1-28TI,dZ7-94,2021-05-22,4:19 AM,10:42 PM,Europe/Oslo
HLB-72AH,Suq-52,2020-06-07,11:44 PM,9:46 AM,Asia/Almaty
89n-76DY,oRZ-28,2020-12-09,10:59 PM,1:10 PM,Asia/Kathmandu
PXd-79HK,KtC-60,2021-11-08,11:40 PM,8:54 AM,America/Montevideo
Wm4-44fn,adK-94,2020-06-28,10:02 AM,3:04 PM,Europe/Minsk
A9F-75dc,iwh-54,2021-07-27,1:10 AM,9:29 PM,Asia/Seoul
LDg-85Mx,sDT-16,2021-03-16,9:22 AM,12:54 PM,America/Sao_Paulo
SxU-841J,819-42,2021-11-05,7:23 PM,2:48 AM,Africa/Douala
le6-22qC,6Ki-41,2021-09-27,5:10 AM,3:47 PM,Europe/Stockholm
gOd-79lI,9kq-00,2021-03-02,1:21 PM,7:14 PM,Asia/Tehran
sFa-79mk,mOW-61,2021-08-28,3:55 AM,12:34 AM,Africa/Tripoli
sbu-18m9,RMN-81,2020-02-11,8:58 PM,5:14 PM,Europe/Berlin
ZPn-54wz,hDN-98,2020-09-14,10:30 PM,3:35 AM,Asia/Jakarta
R5u-15b6,uHS-99,2021-01-31,2:34 PM,10:03 AM,America/Havana
PRZ-83AE,e9B-75,2020-03-31,5:06 AM,9:20 PM,Asia/Manila
UN0-01rh,xkL-15,2021-04-22,1:21 AM,11:44 AM,America/Argentina/Cordoba
Or6-51UV,yyd-25,2021-12-08,4:55 AM,10:48 PM,Asia/Harbin
R6O-45q1,Nu8-79,2020-09-10,8:16 PM,3:44 AM,America/Tegucigalpa
BOZ-15PS,JIG-25,2021-12-08,6:43 PM,3:34 PM,Europe/Moscow
hWN-23xR,UWi-81,2021-09-04,8:50 PM,4:49 AM,Asia/Shanghai
DBL-33zj,B92-64,2021-03-09,11:45 AM,9:06 PM,Africa/Brazzaville
c2x-59Kd,vI2-09,2020-10-01,1:16 PM,8:29 PM,Asia/Nicosia
5ct-01yk,pXa-23,2020-08-11,3:56 PM,5:43 AM,America/Sao_Paulo
x4J-15QY,efz-93,2020-05-17,8:29 AM,12:33 AM,Asia/Jakarta
AKG-64Dg,9kZ-02,2020-07-06,3:25 PM,11:26 PM,America/Sao_Paulo
ruP-87Ff,nvG-34,2021-05-08,3:36 PM,12:47 AM,Asia/Manila
Qew-54k3,yyd-25,2021-01-08,12:06 PM,1:44 AM,America/Mexico_City
8BR-88XO,VLR-16,2020-04-25,1:17 AM,12:58 AM,America/Managua
teX-19ue,msS-79,2020-01-13,9:06 AM,5:29 AM,Europe/Prague
3n0-37J2,JIG-25,2020-02-20,11:57 PM,3:49 PM,Asia/Shanghai
8zB-90K5,ojO-96,2021-03-07,11:21 PM,4:03 PM,America/Mexico_City
BvN-97Fc,mrt-99,2020-09-28,1:35 AM,12:08 AM,Europe/Lisbon
gXB-86yL,OeK-94,2020-08-30,10:26 PM,1:14 PM,America/Chicago
7nv-03Eo,RGq-91,2020-10-03,1:37 AM,5:39 PM,Africa/Ndjamena
wXz-95F3,enS-22,2021-03-30,4:54 AM,11:00 AM,Europe/Belgrade
5bL-18Af,T12-66,2020-07-21,10:09 PM,8:18 PM,Asia/Kabul
fod-12cT,rFL-07,2021-01-16,8:22 PM,3:34 AM,Asia/Shanghai
uDm-30sw,KtI-30,2021-09-19,11:16 PM,4:10 PM,Asia/Bangkok
gNX-203o,i0w-31,2020-07-16,2:23 AM,2:10 AM,Europe/Moscow
9Qn-45YW,hiu-83,2021-02-13,12:05 PM,7:34 AM,Asia/Shanghai
vlq-541f,wfi-36,2021-08-08,11:09 AM,9:59 PM,America/Havana
8Su-31oR,O0t-31,2021-07-12,9:38 PM,12:26 AM,America/New_York
wAR-22vz,QgE-35,2020-07-05,9:42 AM,6:25 AM,Asia/Damascus
XAb-98Gi,IzG-47,2020-02-13,5:58 AM,9:53 AM,Africa/Tripoli
0sj-723u,bP4-11,2021-01-28,8:40 PM,10:08 PM,Europe/Warsaw
NSW-84W4,MF6-96,2021-06-19,11:44 PM,2:24 PM,Europe/Oslo
974-68p0,QLp-70,2021-05-25,1:11 PM,11:12 PM,America/Guatemala
BTU-95RP,Tu3-97,2020-10-26,4:39 AM,1:30 PM,Europe/Athens
fCl-07fw,6mr-84,2021-03-26,2:24 AM,6:51 PM,America/Argentina/Cordoba
nqi-57P2,tZX-14,2020-03-12,3:55 AM,2:50 AM,Africa/Cairo
nym-58gM,5OT-05,2020-01-15,3:47 PM,7:29 PM,Europe/Amsterdam
13z-00XD,uHS-99,2020-10-12,7:46 PM,8:44 PM,Europe/Stockholm
dTi-07vB,qKl-85,2020-05-25,2:57 AM,10:52 PM,Asia/Ho_Chi_Minh
J8U-53gC,wtN-46,2021-07-08,12:15 AM,2:07 AM,Europe/Prague
Ed9-54zj,5Of-11,2020-08-16,6:42 PM,5:57 AM,Africa/Ndjamena
Nhp-11hW,OIq-69,2021-11-19,11:34 PM,8:06 AM,Asia/Tokyo
NUB-02bM,Yom-28,2020-06-01,11:24 AM,11:41 PM,Europe/Oslo
lul-18K8,dJ7-62,2021-04-04,12:08 PM,5:08 PM,Asia/Harbin
a7j-15Ey,Xk7-88,2021-08-11,5:08 AM,11:28 AM,Europe/Moscow
rFV-25NS,Joy-09,2021-05-10,10:31 AM,12:42 PM,Asia/Manila
lgw-69WW,dRa-68,2020-07-09,4:59 AM,2:06 AM,Africa/Abidjan
faa-97CZ,EZH-67,2021-06-05,4:47 PM,12:06 AM,Europe/Berlin
gI9-42Jj,KtC-60,2020-10-05,6:56 AM,12:16 PM,Asia/Shanghai
qt4-47tG,TQe-65,2020-09-28,5:59 PM,5:33 AM,Europe/Lisbon
i8o-38Wc,BjA-55,2021-10-09,1:51 PM,7:22 AM,Asia/Chongqing
Avy-82nP,Hsx-70,2020-11-24,2:11 PM,5:30 AM,Asia/Jakarta
e5G-56yV,joc-09,2021-06-06,9:53 AM,8:09 AM,Asia/Shanghai
h6x-20NK,gHv-76,2021-01-26,3:17 AM,9:20 AM,Europe/Lisbon
3mO-13pn,0rL-68,2020-09-14,11:09 PM,10:10 AM,Europe/Moscow
3wO-21I1,j3S-82,2020-05-18,6:33 AM,7:36 AM,Asia/Kuwait
BDJ-12Ku,USG-59,2020-04-02,7:18 AM,4:22 AM,America/Guatemala
cCr-34dj,jBh-11,2020-01-22,9:59 PM,3:54 PM,Asia/Chongqing
z86-9720,bOZ-96,2020-09-22,11:08 AM,3:25 PM,Asia/Jakarta
4Q7-25oI,UhN-81,2020-02-29,9:48 AM,5:43 PM,Europe/Athens
scS-65xz,9kq-00,2020-03-13,10:49 AM,8:11 AM,America/Guatemala
k3u-45su,1HY-45,2020-07-11,4:02 PM,9:12 PM,Asia/Chongqing
J4T-83Wa,PpB-66,2021-10-09,10:37 AM,12:41 PM,America/New_York
A7M-97vo,PxY-30,2020-05-30,12:05 AM,4:47 PM,Asia/Chongqing
VBi-22iW,LjI-44,2021-09-16,11:09 AM,3:40 PM,America/Bogota
UEt-74Fr,MuA-36,2020-09-29,11:55 PM,1:08 PM,Asia/Shanghai
I5d-627r,gCv-22,2021-05-14,12:17 AM,1:20 PM,Indian/Antananarivo
rro-46Yl,GdJ-28,2021-01-30,12:00 PM,1:26 PM,Europe/Athens
ezM-44Ho,26j-03,2020-05-09,4:37 AM,12:28 AM,America/Regina
TdV-17y1,Lsu-24,2020-03-08,5:58 PM,3:27 PM,Asia/Makassar
pZX-99K6,oKL-34,2021-10-12,8:47 PM,6:23 AM,Asia/Yerevan
By6-31TO,HUt-99,2021-10-24,6:41 AM,1:55 AM,Europe/Budapest
76m-60iR,YWH-42,2021-04-24,1:11 PM,2:21 PM,Africa/Ouagadougou
pJP-73eG,QHw-33,2021-06-17,11:57 AM,12:59 AM,Europe/Lisbon
TYM-09PC,qyP-54,2020-09-19,1:16 PM,10:07 PM,Africa/Abidjan
gcb-79Ia,X5H-63,2021-04-18,12:56 PM,4:12 AM,Europe/Warsaw
hox-745t,ZVR-31,2020-11-13,9:24 PM,2:04 PM,Asia/Jakarta
lvo-50uL,KVE-61,2020-02-20,1:34 AM,12:10 PM,Asia/Vladivostok
6l0-61VH,hDN-98,2020-06-26,6:01 PM,10:58 AM,Asia/Shanghai
izh-46RE,MyW-60,2021-10-09,12:06 AM,8:11 PM,Europe/Moscow
OZk-18CQ,Nxw-77,2021-06-27,12:34 PM,6:27 AM,Europe/Moscow
0TQ-81cw,41P-97,2020-07-22,2:14 PM,2:18 AM,America/Bahia
3kM-77t0,wIb-62,2020-01-14,3:16 AM,11:48 AM,Asia/Manila
020-86Ym,Cg8-66,2020-11-21,10:17 PM,3:34 AM,Africa/Douala
ulc-84Sa,rFN-54,2020-01-17,9:13 AM,12:26 PM,Asia/Seoul
MBr-58ay,sDT-16,2021-04-18,9:38 PM,4:25 AM,Asia/Harbin
Ex4-82eJ,gAU-81,2020-09-13,8:23 AM,1:13 PM,Asia/Jakarta
YfU-748N,Wf6-88,2020-04-27,9:07 AM,8:39 PM,Pacific/Tongatapu
UVe-18El,WS4-06,2021-08-07,4:51 AM,4:00 AM,Asia/Tokyo
830-90Pj,ri1-05,2020-09-09,1:11 PM,11:14 AM,Asia/Shanghai
p9W-76Og,ppJ-48,2020-04-14,12:22 PM,5:21 PM,America/Bahia
h2U-29ZF,bM8-41,2020-02-24,10:10 AM,6:01 AM,Europe/Lisbon
bg1-24DR,Jyn-92,2020-09-29,11:05 AM,3:02 PM,Europe/Stockholm
gSG-42x3,98Q-78,2021-08-28,6:10 AM,5:31 AM,Asia/Jakarta
1oe-839e,RMN-81,2020-01-23,7:09 AM,1:38 AM,Asia/Damascus
nkc-99GY,Lr1-43,2020-09-17,4:22 AM,4:55 PM,Europe/Madrid
WSk-08zE,cwe-86,2020-09-29,12:25 PM,11:15 PM,America/Sao_Paulo
Egz-71VT,EpO-23,2021-06-29,1:21 PM,3:39 AM,Asia/Harbin
rxO-22va,ajd-72,2021-06-20,2:15 PM,7:49 PM,Africa/Nairobi
52j-80eO,V6k-06,2020-03-13,4:56 AM,2:20 PM,Europe/Athens
pBf-987O,Ntl-06,2020-01-21,8:52 PM,8:22 PM,America/Argentina/Cordoba
AO9-36o0,p5D-76,2020-04-01,5:42 AM,4:43 AM,Asia/Krasnoyarsk
sBT-45eM,AUf-41,2021-11-29,9:19 AM,7:20 AM,Europe/Lisbon
jL5-41UI,EDD-55,2021-02-27,12:47 AM,10:27 PM,Asia/Shanghai
9XQ-31lC,uPo-54,2021-10-17,1:48 AM,7:43 AM,Asia/Jakarta
kux-24og,drp-60,2020-09-30,11:27 AM,12:46 PM,Asia/Chongqing
rfa-67wF,hhx-39,2020-07-26,5:44 AM,6:30 PM,Europe/Stockholm
y2h-25s9,Wb2-25,2021-09-22,10:13 PM,4:05 PM,America/New_York
0Gf-869Y,5tr-22,2021-06-18,7:28 AM,2:12 AM,Asia/Jakarta
2c3-25bF,q2t-10,2020-08-09,5:15 PM,9:13 AM,Asia/Shanghai
yon-84R7,yrU-46,2020-04-05,11:00 AM,7:47 AM,Europe/Stockholm
D7o-15Aq,Sel-75,2020-04-22,11:37 PM,9:38 AM,America/Chicago
C1M-43JE,Eb7-75,2021-01-28,4:11 AM,11:55 AM,Europe/Paris
b6M-67ta,WxY-99,2021-09-09,7:03 PM,9:52 PM,Europe/Zaporozhye
LML-196y,SQ8-82,2020-07-28,11:16 AM,6:38 PM,Asia/Shanghai
FnN-63pQ,nUu-53,2021-07-19,2:43 PM,8:32 AM,Africa/Freetown
ehI-97dO,SXd-14,2020-11-11,6:28 AM,2:28 AM,Europe/Belgrade
Drp-77Nr,jgi-75,2021-10-27,11:00 PM,11:38 PM,Europe/Lisbon
2Sz-34kI,Swo-10,2020-09-26,1:16 AM,9:32 PM,Asia/Chongqing
98T-39iP,RQz-69,2020-03-17,10:00 PM,9:27 AM,Europe/Vienna
XqH-03Ue,jFn-02,2021-04-22,12:42 AM,8:36 PM,Asia/Chongqing
qoP-81Oo,mOW-61,2021-04-05,2:00 PM,3:06 PM,Pacific/Niue
rTG-289r,wGr-72,2020-06-09,4:17 PM,9:49 PM,Asia/Manila
Mp2-73HV,kIi-01,2020-11-03,11:42 PM,10:38 PM,Europe/Moscow
oN3-93uB,WpR-42,2020-07-18,11:17 PM,9:23 PM,America/Managua
Rff-09oS,BOF-88,2020-06-22,12:18 PM,5:59 PM,Asia/Chongqing
IFQ-08Qx,umF-83,2020-10-06,2:38 PM,1:06 PM,Asia/Jakarta
l29-62mV,cti-91,2020-10-19,3:37 AM,2:17 PM,Europe/Dublin
s2O-48W1,KIy-42,2020-12-26,6:35 PM,10:45 AM,Asia/Chongqing
d1R-55Gb,63O-68,2020-10-06,10:52 PM,1:36 AM,America/Caracas
nLu-82u5,q9V-27,2020-01-24,6:23 AM,2:00 AM,Europe/Moscow
Sal-92sC,jGJ-65,2021-03-05,6:36 PM,1:11 PM,America/Havana
wWO-63mU,Sel-75,2021-09-20,6:58 PM,6:50 PM,Europe/Luxembourg
HSl-96Vm,R1i-73,2021-08-12,9:38 PM,10:56 AM,Asia/Chongqing
IWk-66zb,Wd8-96,2021-04-01,8:34 PM,10:02 PM,Europe/Zagreb
xMn-27xz,Dku-39,2021-09-06,4:42 AM,8:32 PM,Asia/Shanghai
Bgm-86Mi,adK-94,2020-07-03,5:20 AM,1:35 PM,Asia/Chongqing
mGm-082K,T9p-52,2020-12-18,9:47 PM,8:32 AM,Asia/Chongqing
Ymc-49cB,9Vn-05,2021-05-06,1:53 PM,2:26 PM,Asia/Seoul
r50-87CV,T12-66,2020-05-16,1:01 AM,5:42 AM,Asia/Makassar
mOd-64gm,X9B-16,2021-02-17,6:43 PM,6:20 AM,America/Panama
kzw-43GF,nYq-30,2021-05-08,7:57 PM,5:07 AM,America/Sao_Paulo
TVg-602D,Epf-79,2020-11-20,4:15 AM,2:33 AM,Asia/Vientiane
6Og-73O5,qum-00,2020-07-03,11:07 AM,7:40 AM,Europe/Malta
30w-31qm,2YW-87,2021-06-08,5:19 AM,12:59 PM,Asia/Chongqing
5QW-06Ce,GiR-60,2020-11-18,6:48 PM,12:37 PM,Asia/Manila
5iy-77cA,gGr-23,2021-01-01,11:26 PM,5:38 AM,Europe/Stockholm
RfP-69xW,4PO-86,2021-03-27,6:50 AM,2:15 PM,America/Argentina/Cordoba
GP8-99L7,6mx-90,2020-10-01,5:45 AM,4:25 AM,America/Sao_Paulo
jbI-37rH,A1M-71,2020-12-11,3:59 AM,6:43 AM,Africa/Accra
wep-627c,4aU-55,2020-12-13,5:49 PM,8:21 AM,Europe/Warsaw
uCx-79MF,LjI-44,2021-10-01,9:40 AM,11:33 AM,Africa/Lagos
otx-92Xx,lsF-93,2021-01-09,11:11 AM,3:06 PM,Asia/Shanghai
LUQ-86gv,kgw-35,2020-07-02,1:39 AM,11:35 AM,Europe/Oslo
b6R-67xw,JIG-25,2020-09-04,12:16 PM,2:41 AM,America/La_Paz
OO7-06H4,5lf-64,2020-06-18,3:24 PM,12:51 PM,Europe/Warsaw
U5Z-81so,keZ-00,2020-04-10,3:41 PM,12:48 AM,Asia/Almaty
WmV-33O9,S5Y-76,2020-08-24,9:52 AM,1:21 AM,Asia/Jakarta
mGV-208D,bd5-44,2021-05-15,3:27 PM,7:39 AM,Asia/Kabul
5eU-11ls,Nbg-97,2021-07-20,12:44 PM,2:46 AM,Asia/Jakarta
cYE-427i,X7Q-16,2020-10-31,10:26 PM,2:44 PM,Europe/Stockholm
NYh-50zb,xEE-24,2021-04-26,10:18 PM,11:01 PM,Asia/Yakutsk
h8e-61lT,Nw7-92,2021-05-26,6:26 AM,2:23 PM,Asia/Jakarta
96a-611t,6ew-61,2020-01-30,4:07 AM,2:45 AM,Asia/Shanghai
2oT-27nO,1EM-93,2021-09-05,1:01 PM,7:11 PM,America/Sao_Paulo
i7T-89q8,alY-60,2020-09-06,12:48 AM,12:20 AM,Europe/Moscow
2j7-76Lq,O9f-62,2020-05-31,11:10 AM,2:51 AM,Asia/Harbin
GgZ-20El,E0n-24,2021-12-01,7:13 PM,5:57 PM,America/Guayaquil
kmy-705r,gCh-62,2021-03-07,7:19 AM,7:24 PM,Asia/Jakarta
BdW-44MK,l28-53,2020-08-25,8:28 AM,10:56 PM,Asia/Shanghai
SCK-60q9,9SE-98,2021-04-05,5:48 PM,12:56 PM,Asia/Damascus
6uu-96oU,new-30,2021-10-15,2:26 AM,6:10 AM,Europe/Lisbon
pZE-212i,QHw-33,2020-07-08,4:38 AM,1:58 AM,Asia/Tokyo
IOs-801e,4bI-81,2021-06-13,9:15 PM,1:04 PM,Africa/Cairo
7mp-33ft,8Zo-29,2020-11-03,12:11 AM,7:46 AM,Asia/Hebron
Mc1-91HX,Dkw-56,2020-08-21,2:11 PM,7:52 AM,Asia/Chongqing
YJK-054Z,Vrq-15,2020-03-19,4:12 AM,5:45 PM,Europe/Volgograd
W1W-606e,xY1-13,2021-10-25,11:40 AM,11:07 AM,Europe/Lisbon
69d-73B8,tfg-48,2020-09-22,10:58 PM,9:16 PM,Asia/Chongqing
11e-81mS,sv6-25,2020-05-23,12:54 AM,5:41 AM,Asia/Ho_Chi_Minh
3h5-22p1,zVk-66,2020-01-15,3:55 PM,9:28 AM,America/Lima
oCT-91ka,m2U-59,2020-08-18,2:43 PM,2:20 AM,Asia/Manila
3uv-52VH,Ex5-04,2020-04-23,4:52 PM,4:41 PM,Europe/Stockholm
2Su-53n2,MSo-87,2021-05-29,7:38 PM,9:04 PM,Europe/Moscow
UTh-52lx,m9O-99,2021-01-30,6:52 PM,10:05 PM,Asia/Harbin
ADO-52Ww,WpR-42,2020-02-07,6:12 AM,8:26 AM,Asia/Jakarta
5B6-24Yr,IGc-81,2021-05-04,4:06 AM,8:46 AM,Europe/Paris
h0k-39Xb,bM8-41,2020-02-12,6:23 PM,8:46 PM,Europe/Athens
A80-79nG,d2d-35,2021-11-01,7:02 AM,8:10 AM,Asia/Chongqing
kqc-80PJ,Yk9-47,2020-06-03,2:10 PM,8:29 PM,America/Argentina/Rio_Gallegos
fmX-945X,eQn-14,2020-02-19,4:39 PM,9:34 PM,Europe/Prague
IPP-20i0,a0d-46,2020-05-26,9:44 PM,12:56 AM,Indian/Antananarivo
H4o-9803,Wb2-25,2021-08-03,2:28 PM,3:15 AM,Europe/Athens
iOQ-15Ql,qoD-77,2020-06-11,9:55 AM,8:34 AM,Asia/Chongqing
ml4-62dj,joc-09,2020-07-29,6:20 AM,3:27 PM,Asia/Chongqing
MrM-97Tx,bbQ-58,2020-02-21,5:47 AM,8:52 PM,Asia/Krasnoyarsk
TBH-751q,626-44,2020-08-19,1:36 AM,6:35 PM,America/Bogota
Z5S-04Ic,F4A-97,2021-02-01,7:38 PM,4:07 AM,Europe/Paris
BYw-35DS,m20-08,2020-11-29,8:56 AM,12:04 PM,Asia/Ho_Chi_Minh
VDQ-51e7,Nxw-77,2021-07-24,10:15 PM,11:52 PM,Asia/Shanghai
glu-31jc,IMi-05,2021-06-15,10:12 PM,9:36 PM,Asia/Kabul
elj-685c,Fbb-24,2020-10-07,4:14 AM,11:23 AM,Asia/Chongqing
Fhi-48EW,Xh3-47,2021-08-18,6:21 AM,8:45 PM,America/Los_Angeles
bFb-83C8,vG2-03,2020-08-04,5:03 AM,8:32 AM,Asia/Karachi
80l-93lw,ewE-20,2020-06-11,9:30 PM,10:22 PM,Asia/Aden
XoP-07XU,52t-84,2021-08-16,3:39 AM,11:01 PM,Asia/Harbin
NlT-14Lw,1HY-45,2020-04-01,1:35 PM,6:51 PM,Asia/Tehran
lha-94LX,6Au-17,2021-07-08,12:56 AM,5:14 AM,Asia/Bishkek
GGc-53Rz,tna-92,2020-05-10,8:32 PM,8:22 PM,Asia/Jakarta
jEg-10LW,Ntl-06,2021-05-27,5:49 PM,3:14 PM,Asia/Harbin
oH4-67di,Hhd-16,2021-05-01,12:44 AM,2:29 AM,Asia/Jakarta
LVu-55GA,hQw-68,2020-07-04,9:26 AM,3:59 PM,Asia/Manila
Wx3-075f,T2U-58,2021-07-02,9:06 AM,7:09 AM,Africa/Cairo
IoN-48WB,Vyu-71,2020-06-30,4:25 PM,3:42 PM,Asia/Shanghai
VP4-73fO,3D3-73,2021-03-27,10:34 AM,1:26 AM,Europe/Sofia
oyu-61P9,tUH-02,2020-09-14,7:31 AM,2:10 PM,Asia/Shanghai
J1x-03YX,qyJ-35,2021-07-01,6:38 PM,3:01 AM,America/Sao_Paulo
BJV-00OF,9kZ-02,2020-01-08,5:16 AM,1:27 PM,Europe/Paris
AI4-45RU,j0d-38,2021-02-01,8:33 AM,8:47 PM,America/Argentina/Salta
CTn-701o,KSY-95,2020-11-22,7:22 AM,7:00 PM,America/Argentina/Buenos_Aires
5ie-80ZB,Jyn-92,2021-04-04,6:57 PM,8:04 PM,Asia/Manila
cCZ-80Q1,SJv-55,2020-02-26,3:24 PM,3:55 AM,Asia/Chongqing
bmJ-74S4,Ez7-40,2021-06-06,3:44 PM,8:49 PM,Asia/Manila
5h6-806s,oKL-34,2021-11-09,4:24 AM,8:24 AM,Asia/Shanghai
V1M-42b6,qi8-99,2021-08-31,5:15 AM,11:10 PM,Europe/Lisbon
pFo-06IP,Yom-28,2020-09-23,4:26 AM,7:05 PM,Europe/Berlin
BGv-89dQ,dNS-27,2021-03-24,11:48 AM,9:28 AM,Africa/Libreville
Ml1-51M4,BkK-68,2020-08-02,8:31 PM,11:11 PM,Europe/Lisbon
GGJ-93Ph,7mc-25,2020-01-17,8:52 AM,6:43 PM,Europe/Paris
ZZj-54nP,VWb-92,2020-06-21,12:06 PM,4:19 AM,Asia/Harbin
sfP-56zB,xyu-88,2020-11-26,3:20 PM,12:41 AM,Asia/Manila
fjz-37wB,yzP-23,2021-09-02,1:30 PM,9:17 AM,Asia/Kabul
yA9-06kB,d49-14,2021-04-30,9:51 PM,10:21 PM,Asia/Tokyo
gqv-502v,ZwY-55,2020-04-30,7:33 PM,3:59 PM,Asia/Krasnoyarsk
Kvb-29Pe,hqb-64,2021-04-07,6:47 AM,4:20 PM,Europe/Lisbon
yI0-99k6,HNY-73,2021-06-11,10:59 PM,2:04 AM,Asia/Shanghai
1Jn-36hd,oWD-76,2020-03-12,3:35 PM,4:28 AM,Europe/Moscow
IRT-89qN,8FS-63,2021-04-01,4:51 PM,10:02 PM,Europe/Prague
cXV-396n,TRk-21,2020-07-29,12:23 PM,3:01 AM,Europe/Paris
mso-48Hn,UWi-81,2020-02-03,6:03 AM,4:57 AM,Africa/Mogadishu
eer-92ZV,iuM-60,2020-07-20,10:41 PM,8:46 AM,Europe/Madrid
p37-79Qa,MYt-29,2020-07-28,10:40 PM,5:49 PM,Asia/Jakarta
YKY-88Ry,XJR-03,2021-07-09,11:13 PM,5:21 PM,Europe/Warsaw
tLr-11xy,1eI-83,2020-11-21,11:37 AM,2:18 AM,Asia/Bangkok
JA1-78MU,efz-93,2021-08-22,5:32 AM,12:39 AM,Asia/Chongqing
9rd-43zi,fuk-87,2020-09-15,12:50 PM,7:53 AM,America/Jamaica
Tay-602q,5Wx-06,2020-12-08,11:37 AM,7:09 PM,Asia/Manila
LAY-74Ga,tND-78,2021-09-06,11:03 PM,2:29 PM,Asia/Shanghai
yZx-09pF,MwL-67,2020-02-25,6:53 AM,4:28 PM,America/Santiago
nY0-50cQ,kwG-93,2020-04-26,12:33 AM,1:53 PM,Europe/Paris
gZR-42Iz,LYq-43,2021-09-03,9:21 AM,12:51 AM,Indian/Antananarivo
d1K-36Kn,1OH-23,2021-07-07,10:41 PM,3:08 AM,America/Campo_Grande
9pP-82xL,532-01,2020-07-31,3:59 AM,3:45 PM,Europe/Berlin
WDG-28E0,efB-63,2020-01-08,8:03 PM,8:24 AM,Asia/Shanghai
HwN-1078,jnj-29,2021-03-18,5:22 PM,10:15 PM,Asia/Makassar
h9V-42C4,x7S-44,2020-10-23,9:07 PM,9:27 PM,Europe/Zaporozhye
0Bp-89o1,6Hu-46,2021-04-11,7:11 PM,4:46 PM,Asia/Makassar
ASU-03R9,NVq-36,2021-03-11,11:35 PM,5:51 AM,Asia/Yekaterinburg
bVQ-412K,zwv-48,2020-11-21,11:36 AM,8:10 PM,America/Bogota
pk1-00vx,7sq-32,2021-05-14,8:53 PM,2:57 AM,Asia/Chongqing
kjj-69G0,QNr-91,2020-01-21,4:10 AM,10:18 PM,Europe/Zaporozhye
XKy-49QU,RGq-91,2021-04-30,12:59 PM,2:10 AM,Europe/Moscow
G6S-41uY,4XN-60,2020-08-21,9:15 PM,3:33 AM,Asia/Jakarta
7oX-720Y,zKV-64,2020-09-01,7:28 PM,12:29 AM,Asia/Manila
EwU-21A3,oWD-76,2020-07-29,7:08 PM,8:40 PM,Asia/Jakarta
z9O-71mi,A9A-95,2020-06-26,7:42 PM,4:07 AM,Asia/Chongqing
Eya-15cK,nNZ-25,2020-06-21,3:25 PM,6:33 AM,America/Toronto
kmL-04DM,AUf-41,2021-10-10,11:53 PM,11:48 PM,Africa/Johannesburg
jmz-36FD,Zuv-62,2020-05-30,11:03 PM,7:35 AM,Asia/Jakarta
nG2-37oj,joc-09,2020-11-04,5:05 PM,6:55 PM,Asia/Tokyo
M0e-35eS,MRB-39,2021-10-06,2:22 PM,6:25 PM,Europe/Belgrade
YVb-8870,Xhn-98,2021-10-11,3:59 AM,6:25 AM,Europe/Athens
Z9J-41ng,Sd2-69,2021-04-05,10:31 AM,7:22 AM,Europe/Warsaw
EXo-35bC,BQP-32,2021-01-30,12:33 AM,7:53 PM,America/Argentina/Cordoba
t3K-97cw,jGJ-65,2020-05-06,10:14 PM,11:10 PM,Asia/Urumqi
hCx-74Ji,j3S-82,2020-02-02,8:20 PM,5:07 PM,Europe/Simferopol
ALk-81jk,bnZ-81,2021-11-17,1:28 AM,6:47 AM,America/La_Paz
1xj-34bk,R1i-73,2021-07-29,5:36 AM,10:39 AM,Asia/Vladivostok
73R-25UT,Cg8-66,2020-02-04,7:14 AM,1:40 AM,Europe/Prague
Zne-45LF,JvF-69,2020-03-05,4:48 AM,9:33 PM,Europe/Stockholm
t1X-03Vw,cwe-86,2020-01-07,5:36 PM,7:24 AM,Europe/Warsaw
bZx-299L,ri1-05,2021-01-15,10:59 AM,5:58 AM,Europe/Madrid
MqQ-22zC,IH0-22,2020-08-08,9:31 PM,10:15 AM,Europe/Warsaw
xkp-33YX,26j-03,2021-09-20,9:45 PM,2:34 AM,Europe/Warsaw
RT8-32GU,eFC-62,2020-10-24,9:58 AM,8:37 PM,Asia/Shanghai
Vtp-60BQ,ZVR-31,2021-05-09,8:57 AM,12:33 AM,Asia/Jakarta
C5q-24qF,Zit-19,2020-06-28,3:53 AM,7:30 PM,Europe/Prague
b5q-43bu,1N5-83,2020-01-28,11:05 AM,10:46 PM,Asia/Makassar
udP-33wi,vG2-03,2021-07-22,4:18 PM,9:23 AM,Europe/Dublin
H4D-30jm,jIF-06,2021-01-03,3:22 AM,1:02 PM,Asia/Shanghai
GgG-82CO,NsR-83,2020-01-02,7:34 AM,9:14 PM,Africa/Douala
IXi-39KH,Hbj-61,2021-06-10,9:49 PM,3:07 AM,Asia/Ho_Chi_Minh
UQ0-30yo,qi8-99,2020-06-04,12:11 PM,7:33 AM,Europe/Prague
u60-32EA,0gq-95,2020-06-19,11:42 PM,7:29 PM,Europe/Helsinki
tun-56PP,iuc-15,2020-12-04,3:10 AM,8:08 AM,America/Monterrey
x2m-31Li,FXe-75,2020-05-29,11:40 PM,2:43 PM,Asia/Chongqing
ZKl-31C5,sv6-25,2020-08-16,2:41 AM,9:07 AM,America/Bahia
nBZ-68t8,eP9-07,2020-09-02,10:16 PM,1:33 PM,Asia/Makassar
7ga-17yi,lKD-20,2021-01-30,8:58 AM,4:20 AM,Asia/Tokyo
Jj3-84jy,7n5-23,2020-05-17,12:26 PM,1:03 PM,Asia/Shanghai
4pb-12R9,a8H-50,2021-09-26,5:14 AM,6:27 PM,Europe/Moscow
Ovi-05qi,fNF-37,2021-06-28,10:40 AM,12:44 PM,Europe/Warsaw
2Iv-63ad,fDP-57,2020-10-03,12:49 AM,9:40 PM,Asia/Chongqing
scb-235Q,KFA-75,2020-11-28,6:00 AM,1:00 PM,Africa/Kampala
iaY-84Oo,O0t-31,2021-09-29,9:49 PM,5:42 AM,America/Argentina/Jujuy
xX3-34cB,9De-02,2020-11-28,2:56 AM,2:35 AM,Asia/Bangkok
oqJ-32GS,5UV-05,2020-09-11,2:19 AM,12:32 AM,America/Recife
XbQ-33A8,UDw-30,2020-07-06,12:46 PM,2:56 AM,Asia/Bangkok
nRT-42aw,6Ki-41,2020-02-27,1:10 AM,11:33 AM,America/Sao_Paulo
prr-62Fg,keZ-00,2020-02-17,9:28 PM,11:11 PM,Asia/Harbin
T2c-30VI,PPI-05,2020-09-07,8:28 PM,10:11 AM,Asia/Chongqing
Qwm-46Le,3DH-40,2020-06-07,10:40 PM,1:26 PM,Asia/Jakarta
pTy-54ak,4wK-55,2021-02-22,7:40 PM,2:27 PM,Asia/Manila
m6u-38Wy,151-69,2020-03-29,8:28 PM,10:07 AM,Africa/Ndjamena
dD8-12f2,a8E-36,2021-11-22,12:03 PM,6:25 AM,Asia/Shanghai
fyc-440D,rFN-54,2020-02-07,7:45 AM,12:59 PM,Asia/Jerusalem
iWc-6586,DxJ-39,2021-01-01,12:48 PM,4:12 AM,Asia/Chongqing
T0T-61Wj,K3k-15,2021-08-06,11:53 AM,11:05 PM,Europe/Moscow
X2z-87RD,3z2-97,2021-09-11,8:28 PM,6:33 PM,Asia/Shanghai
E87-9388,WeP-09,2020-06-18,5:22 PM,3:30 PM,Asia/Harbin
N0D-46If,adK-94,2020-10-07,3:40 PM,10:18 AM,Asia/Manila
ahS-287e,RHP-38,2020-11-13,10:08 PM,4:46 AM,America/Bogota
SH9-52vs,fcU-61,2021-08-19,8:08 AM,12:07 PM,America/Chicago
GfY-99xY,63O-68,2021-09-24,12:03 AM,12:15 AM,America/Sao_Paulo
P8d-79SX,1D5-16,2020-02-26,3:25 AM,9:08 AM,Asia/Chongqing
wdS-33ES,IGc-81,2020-02-22,8:30 AM,2:46 PM,Asia/Vladivostok
SVC-96zg,iUI-65,2020-02-10,6:12 AM,7:28 PM,America/Santo_Domingo
pmm-95Fb,te4-71,2021-07-17,4:46 AM,10:22 PM,Asia/Makassar
KRB-33pj,JfE-11,2020-03-10,4:31 AM,12:14 AM,Europe/Berlin
c4m-73TM,d2J-27,2021-02-02,8:36 PM,6:35 PM,Asia/Kabul
vu3-89do,GHr-06,2021-11-05,10:28 PM,10:01 AM,Africa/Lusaka
Nkq-19TH,NBn-68,2021-09-26,5:15 AM,6:25 AM,Asia/Manila
r8K-70ic,iGW-00,2021-05-20,10:04 AM,6:30 PM,Pacific/Auckland
sre-78j7,AYW-34,2020-04-17,9:28 AM,6:08 PM,Europe/Warsaw
xyl-571g,gEI-80,2021-01-24,12:28 AM,11:51 AM,Africa/Maputo
jVj-73eJ,wMo-56,2020-09-21,6:15 AM,12:41 PM,Asia/Aden
G8V-65W7,6mr-84,2020-06-25,3:21 PM,12:53 AM,Europe/Kiev
UcJ-869Z,k8L-25,2020-09-12,7:39 AM,4:25 PM,Europe/Prague
AB6-02MH,eKo-18,2021-03-19,10:05 AM,9:51 AM,Europe/Prague
wl4-70bn,wfi-36,2020-11-04,12:06 AM,8:20 AM,Africa/Douala
aPW-19FB,Kl8-39,2020-07-22,4:34 PM,11:40 AM,Europe/Warsaw
paX-65BA,w8d-81,2020-07-13,4:00 PM,10:53 AM,America/Mexico_City
nET-49yp,BpF-29,2020-03-06,8:18 PM,11:08 PM,Asia/Ho_Chi_Minh
89t-80in,GbK-48,2020-01-08,9:11 PM,8:42 PM,Asia/Chongqing
iXT-79vg,YQ1-24,2020-10-04,12:33 PM,5:18 PM,Asia/Chongqing
Wu5-03k2,Q6B-81,2020-10-14,5:59 PM,9:56 PM,Europe/Moscow
mOv-26KS,rJn-17,2021-05-22,5:38 PM,2:06 AM,Europe/Simferopol
Veu-67JG,imW-44,2020-09-22,10:38 AM,1:46 AM,Europe/Lisbon
b35-61iT,ewE-20,2021-07-24,6:45 AM,5:55 AM,Asia/Vladivostok
v5N-56cs,wKW-40,2020-04-28,3:16 AM,6:13 AM,Asia/Tokyo
KCx-57lM,cti-91,2021-07-02,10:36 PM,12:45 PM,Europe/Lisbon
9Ac-07p9,v8R-67,2020-07-17,6:42 AM,2:52 PM,Asia/Jakarta
WvQ-64zz,tE3-66,2021-09-17,12:42 AM,3:54 PM,Asia/Shanghai
Iya-51Bh,OnB-36,2020-05-04,12:41 AM,7:55 AM,Europe/Moscow
kr5-86Wc,WPi-40,2020-07-12,1:44 PM,4:31 PM,Asia/Chongqing
WdM-59Zo,rgt-11,2020-02-14,10:56 AM,8:42 AM,America/Bogota
5CS-88qy,usK-33,2021-06-18,2:38 PM,2:16 AM,Asia/Vladivostok
1xj-65dU,RKH-00,2020-08-19,5:51 AM,5:50 AM,Asia/Chongqing
PjV-27ts,pfO-13,2021-02-19,7:28 AM,4:45 AM,Asia/Tokyo
oHG-66X2,lRm-19,2020-09-03,2:02 AM,2:32 AM,Europe/Paris
DSb-27NE,OeK-94,2021-02-21,7:41 AM,10:30 AM,Asia/Shanghai
wVq-97ia,KNf-87,2020-07-30,7:18 AM,8:38 AM,Europe/Moscow
4vy-11c6,efB-63,2020-12-19,11:50 PM,1:55 AM,America/Sao_Paulo
bLt-99Ra,Atb-40,2020-08-04,9:23 AM,1:07 PM,Asia/Chongqing
gHR-51JM,EcM-79,2020-09-01,4:14 PM,8:45 PM,Asia/Shanghai
uDs-53C2,K0y-55,2020-02-26,3:12 PM,5:53 AM,America/New_York
ROt-19EB,75z-97,2021-07-08,7:49 PM,1:48 PM,Africa/Windhoek
mLT-57zO,OAA-90,2021-06-17,11:28 AM,10:08 AM,Africa/Dakar
O5s-16Dd,p5D-76,2021-07-15,1:26 AM,1:43 AM,Asia/Chongqing
Crx-93Pi,9QC-61,2021-03-19,8:50 AM,1:06 PM,Asia/Yekaterinburg
UEU-311r,hJC-97,2020-12-24,9:04 AM,9:37 PM,Asia/Chongqing
1GN-40Fp,1D0-24,2020-07-14,2:17 PM,10:01 AM,Europe/Kiev
6M9-73yj,ntH-93,2020-05-10,7:42 PM,10:24 AM,Europe/Lisbon
Lqw-07zK,CbN-91,2021-03-11,11:10 AM,11:23 PM,Asia/Shanghai
FYF-91Xa,VGw-67,2020-01-08,7:24 AM,7:28 AM,Asia/Chongqing
dhs-66L8,tna-92,2021-06-10,3:15 AM,1:29 AM,Asia/Manila
A4I-32LR,IC8-18,2021-11-19,4:29 PM,1:14 PM,America/Mexico_City
LcZ-61Sm,nra-15,2020-05-28,9:21 AM,9:50 PM,Asia/Shanghai
qEN-27y3,iVb-20,2021-12-03,9:34 PM,11:45 AM,Europe/Paris
YVs-01Fj,du5-44,2020-12-19,10:54 PM,12:09 PM,Asia/Jakarta
AEt-386y,HUY-32,2021-07-02,10:26 AM,2:52 PM,America/Tegucigalpa
gSB-862C,fcU-61,2021-02-07,9:21 AM,10:55 PM,America/Bahia
j4G-05h1,Ty4-07,2020-10-31,4:14 PM,11:55 PM,Asia/Chongqing
6Js-14KT,0gq-95,2020-07-08,6:53 AM,2:21 PM,Asia/Jakarta
4vS-92uc,Rpc-24,2021-05-29,4:06 PM,10:36 PM,America/Tegucigalpa
bjz-71QR,Tu3-97,2020-04-13,3:37 AM,9:12 PM,Europe/Prague
pi1-80CF,Shv-85,2020-09-01,2:15 PM,9:42 AM,Europe/Athens
bR0-82oR,Q6B-81,2021-11-20,11:04 AM,8:10 PM,Asia/Jakarta
JwY-20uv,VLR-16,2021-09-03,1:27 PM,10:41 AM,Asia/Manila
Cxq-85Pr,6ew-61,2020-11-27,4:29 PM,5:36 AM,Africa/Johannesburg
QnE-59og,dJ7-62,2020-06-19,12:40 AM,8:21 AM,Europe/Moscow
oiU-52FW,olP-63,2020-05-05,9:39 PM,7:13 AM,Asia/Chongqing
DeS-16bC,7BK-49,2021-01-23,6:36 AM,11:51 AM,Asia/Chongqing
G1O-213D,q2t-10,2021-04-24,5:07 AM,6:55 PM,Asia/Jakarta
BnT-35qm,y5J-44,2020-03-09,9:38 AM,6:18 AM,Asia/Manila
mE3-50Ld,Lxk-53,2020-06-04,4:05 PM,9:09 AM,Europe/Athens
Zbs-37UV,FUu-48,2021-08-14,9:05 AM,3:52 PM,Asia/Urumqi
prX-10CP,RJc-72,2020-06-18,10:02 PM,9:40 AM,America/Fortaleza
4bz-92uu,wIb-62,2020-12-25,4:50 AM,9:43 PM,Africa/Luanda
1nN-14Kp,Z4T-34,2020-02-02,1:40 PM,1:08 PM,Asia/Tehran
9ZX-800y,GHr-06,2021-04-26,2:10 AM,5:13 PM,America/Argentina/Cordoba
6Dh-01k0,SQ8-82,2021-02-08,6:36 PM,5:45 AM,Africa/Gaborone
cFN-95XS,h4x-39,2021-11-06,4:13 AM,5:11 AM,Europe/Athens
Jl6-59i1,NVf-54,2021-07-25,4:37 AM,4:05 AM,Asia/Samarkand
MAT-401b,gNO-17,2021-05-21,2:52 PM,11:49 AM,Asia/Makassar
7xw-72Tg,MyW-60,2021-02-01,6:24 AM,2:14 AM,Europe/Lisbon
SnN-66od,yPr-24,2021-05-23,8:33 PM,9:26 AM,Asia/Chongqing
DJH-50ew,A9A-95,2020-10-25,12:37 AM,8:24 AM,Asia/Chongqing
Jt8-094M,keZ-00,2020-08-08,3:46 PM,9:21 AM,Asia/Tokyo
Ro1-66wa,ZO8-02,2021-03-26,11:27 PM,7:12 AM,America/Bogota
3L1-04cv,jVh-70,2020-12-06,6:39 PM,9:23 AM,Asia/Jakarta
lm4-08yc,GWd-40,2021-01-21,10:37 PM,11:36 PM,Asia/Chongqing
coM-66EI,ojO-96,2021-04-15,9:04 AM,5:24 PM,Asia/Shanghai
DCR-65Rl,Au6-46,2020-07-07,10:04 AM,12:12 PM,America/Chicago
6Jt-33qk,2Sk-40,2021-01-10,10:25 PM,10:50 AM,Asia/Tokyo
EwB-968k,OeK-94,2021-12-07,11:38 AM,12:40 AM,Asia/Shanghai
k03-902t,3Oz-70,2021-12-04,1:02 AM,5:36 AM,Asia/Jakarta
jUw-7503,drp-60,2021-08-11,11:08 AM,11:46 AM,America/Bahia
usl-552g,VAN-13,2021-03-05,10:04 PM,7:04 AM,Europe/Warsaw
Jav-92B8,BE3-77,2021-11-04,4:27 PM,11:40 PM,Asia/Shanghai
h2A-324z,imW-44,2020-12-04,11:16 AM,1:32 PM,Europe/Skopje
fIO-62Ie,PPI-05,2020-10-25,2:03 AM,5:16 AM,Asia/Shanghai
WNH-92wW,usK-33,2020-12-19,7:31 AM,1:28 PM,Asia/Yekaterinburg
tII-09sr,CI1-68,2020-11-08,11:54 PM,11:05 AM,Asia/Tokyo
uQX-74zt,fDP-57,2021-03-15,3:29 AM,10:42 PM,America/Santiago
bhK-95fB,EzM-77,2021-01-01,12:48 AM,10:31 AM,Asia/Bangkok
DvK-69ag,SJv-55,2020-01-14,3:02 PM,12:27 PM,Asia/Makassar
Txa-23Tp,IMi-05,2020-04-25,6:32 AM,7:10 AM,Africa/Maputo
ShG-66If,X5H-63,2020-11-14,9:31 AM,1:44 PM,Europe/Moscow
4tG-51qX,SGe-74,2021-11-26,1:05 AM,6:33 PM,America/Lima
PtN-53lw,vG2-03,2021-01-29,11:36 PM,8:31 PM,Europe/Zagreb
dMZ-86sg,oLc-57,2020-12-09,3:52 AM,8:04 PM,Asia/Jakarta
i0H-524t,Ex5-04,2021-09-01,3:49 PM,2:52 AM,Asia/Karachi
wgW-35AT,cdg-34,2020-03-14,9:36 PM,11:07 AM,Asia/Manila
UdD-121M,bhm-65,2020-04-27,7:39 AM,12:38 AM,Europe/Stockholm
jhI-48xb,4aU-55,2021-06-15,10:48 PM,3:24 PM,America/Sao_Paulo
JaI-03EG,Vrq-15,2020-11-22,11:16 AM,2:31 PM,America/Sao_Paulo
QT8-70YI,GRZ-33,2020-08-05,10:08 PM,11:00 AM,Asia/Jakarta
OGm-38Do,Hrh-26,2021-11-12,3:18 PM,11:54 PM,Europe/Warsaw
QSL-09gI,iSU-98,2021-08-06,11:46 PM,10:55 AM,Asia/Chongqing
tBf-319L,10x-79,2020-08-05,2:19 AM,5:13 PM,Asia/Shanghai
byZ-13zI,Kl8-39,2021-05-15,4:39 PM,4:42 PM,Asia/Damascus
tS6-9379,OhC-98,2020-07-17,5:38 PM,8:22 PM,America/Havana
rDd-67uO,52t-84,2020-08-13,6:56 AM,3:13 AM,Asia/Makassar
Zlz-41qz,aej-36,2020-06-01,2:33 PM,12:54 AM,Asia/Vientiane
c3o-72LN,6y2-49,2020-12-22,3:19 PM,3:34 PM,Asia/Colombo
7A9-97OA,J63-52,2021-02-26,2:24 PM,5:09 PM,America/New_York
uhi-54Jl,LCk-65,2021-05-31,7:11 AM,4:43 PM,Asia/Tehran
TJR-60Eo,5V7-14,2021-11-17,8:55 PM,4:01 PM,Asia/Baku
xM8-48BD,Oa6-30,2021-02-07,9:56 AM,2:38 AM,Africa/Douala
RPa-78OM,vmz-25,2021-07-15,1:08 AM,5:26 PM,America/Maceio
R8m-34io,pNr-06,2020-05-16,7:14 PM,8:06 AM,Asia/Pyongyang
993-17je,cEV-19,2021-05-31,10:21 PM,4:15 AM,America/Lima
91J-81Rk,5lf-64,2021-05-16,4:52 AM,1:37 AM,America/Bogota
Urc-44aN,QGX-00,2021-03-12,6:08 AM,6:39 AM,Africa/Casablanca
2P4-672G,4kP-85,2020-06-16,1:02 AM,3:06 AM,Europe/Kiev
gWj-783B,QNn-25,2020-02-28,12:37 AM,7:02 PM,America/Sao_Paulo
wl5-8247,cuN-88,2021-04-11,10:13 AM,5:03 PM,Asia/Ho_Chi_Minh
bf7-19bP,vzn-66,2021-10-24,6:27 AM,10:28 PM,Asia/Jakarta
oU9-84Uh,qyJ-35,2021-09-03,8:36 PM,12:49 AM,Asia/Jakarta
fVH-90mf,EK6-91,2021-11-17,4:14 PM,12:57 AM,Europe/Zaporozhye
zXu-22Yi,oNr-62,2021-02-24,4:13 PM,11:14 PM,Asia/Jakarta
clt-99Iq,QNr-91,2021-08-31,3:54 AM,6:09 AM,Asia/Shanghai
4M7-92EW,lrP-63,2021-05-09,8:11 PM,8:14 AM,Europe/Lisbon
Hpo-03js,rFL-07,2021-10-22,12:59 AM,4:26 PM,Asia/Manila
jgG-11zm,d49-14,2021-02-11,8:31 PM,8:00 AM,America/Havana
Q38-51Cy,Csh-88,2020-02-18,7:33 PM,8:19 AM,Pacific/Auckland
m96-14Ks,ODy-99,2020-06-23,6:58 PM,7:29 AM,Europe/Moscow
kIL-1339,69N-66,2020-10-16,11:21 PM,9:44 PM,Asia/Almaty
RFK-27F1,mrb-97,2020-08-14,12:16 AM,3:04 AM,Africa/Kampala
mvK-08SM,RRB-52,2021-03-30,3:35 AM,3:07 AM,America/Sao_Paulo
QJ3-71Qh,TQe-65,2020-10-25,8:18 AM,3:01 PM,Asia/Kamchatka
wsK-468y,Woz-11,2020-11-29,3:07 AM,11:32 PM,Europe/Lisbon
jaH-85Bo,zVk-66,2020-03-24,1:03 AM,4:48 AM,Europe/Helsinki
1E7-109X,hyg-69,2020-12-12,10:43 PM,3:54 PM,Africa/Dar_es_Salaam
Ks1-07cm,Tzt-63,2020-05-09,6:57 AM,11:54 AM,Asia/Shanghai
kTO-26R9,IVd-83,2020-04-20,11:33 PM,3:32 AM,America/Bogota
ILv-18Z2,YqY-39,2021-11-09,11:51 PM,9:23 AM,Europe/Helsinki
99R-25qQ,nUu-53,2020-10-14,8:06 PM,1:04 PM,America/Tegucigalpa
lDg-04az,dZ7-94,2021-04-09,2:39 AM,11:00 PM,Asia/Hebron
3AK-40Bv,sD8-63,2020-01-08,2:21 PM,12:31 AM,America/Lima
PWh-68lK,auk-79,2020-01-14,8:49 PM,7:02 AM,Asia/Kabul
jRe-6595,4XN-60,2021-01-31,8:54 PM,12:42 AM,Asia/Manila
MF1-306n,DpB-74,2021-03-16,6:30 AM,9:47 PM,Africa/Banjul
dZx-93AL,1N5-83,2020-03-08,5:40 AM,1:58 PM,Asia/Bangkok
JdA-39dh,RGq-91,2021-10-07,3:50 AM,1:21 PM,Europe/Zaporozhye
o1i-43X1,iAM-10,2020-08-02,4:57 PM,8:19 AM,Asia/Jakarta
LpI-035f,cHw-99,2021-11-01,2:14 PM,8:45 PM,Asia/Chongqing
ZoK-561U,xZi-62,2021-01-25,3:51 AM,4:39 PM,Europe/Tirane
1GX-00U4,P1U-34,2021-09-07,2:19 AM,5:46 PM,Europe/Paris
KWq-11bK,2u5-04,2020-08-02,10:05 AM,10:32 AM,Africa/Lubumbashi
Z5t-88TU,h5O-15,2020-05-12,11:17 AM,7:04 AM,Asia/Makassar
rqU-39jy,efj-30,2020-08-30,9:25 PM,10:32 AM,Europe/Amsterdam
f1p-07C7,djK-52,2020-12-24,2:31 AM,6:54 AM,Asia/Bangkok
J1i-59JA,MVG-49,2020-03-21,4:09 PM,3:38 PM,Asia/Hebron
NLO-703a,BjQ-85,2021-10-12,5:57 PM,6:13 PM,Asia/Makassar
Upq-43Co,bqz-10,2021-02-09,5:33 PM,2:49 AM,America/Argentina/Salta
ySF-81l0,tHa-37,2021-01-17,7:19 PM,12:01 PM,America/Sao_Paulo
DNA-66Q4,q9V-27,2020-04-29,11:10 AM,2:12 AM,Asia/Chongqing
Pja-56GN,IKL-35,2020-05-26,6:07 AM,10:36 AM,Asia/Jakarta
dWx-08PI,jiD-67,2021-07-29,7:51 PM,10:41 PM,America/Dominica
thi-00JZ,wQ1-46,2021-05-03,6:13 AM,8:19 AM,Europe/Stockholm
rZH-26hZ,a0d-46,2020-02-08,2:39 PM,9:56 PM,Europe/Warsaw
MaR-00nm,6mr-84,2021-02-11,7:27 PM,3:22 AM,Asia/Shanghai
8a4-53kg,IZb-15,2020-12-01,3:53 PM,10:54 AM,Asia/Jakarta
12K-433l,qi8-99,2020-09-03,1:51 AM,9:15 PM,Asia/Shanghai
Am6-24fj,2JG-93,2020-02-18,6:07 PM,5:41 PM,America/Chicago
tjE-18KX,2ON-64,2021-09-10,12:20 PM,5:22 PM,Asia/Chongqing
84y-66W7,Jv9-85,2020-05-24,11:44 PM,10:51 PM,Europe/Helsinki
8wP-43LF,NVf-54,2021-06-20,5:06 PM,5:48 PM,Asia/Makassar
r43-79nC,TMQ-02,2021-03-24,10:24 AM,4:08 AM,Asia/Tokyo
1FI-95ne,ZxO-30,2020-07-09,2:55 PM,11:13 PM,Asia/Jakarta
s0o-84WR,QyP-56,2021-04-06,6:35 PM,7:04 AM,Asia/Shanghai
uRA-55gl,wB2-52,2021-04-25,5:02 AM,1:37 PM,Europe/Stockholm
cUd-03bF,yxF-57,2021-02-07,6:31 PM,3:06 AM,Europe/Stockholm
NsN-919n,4YR-12,2020-11-28,7:49 PM,8:27 PM,America/Edmonton
cJ1-63OH,Oqx-39,2020-06-11,1:14 PM,8:22 AM,Asia/Manila
dAu-69pB,nhd-12,2020-05-18,11:08 AM,8:21 PM,America/New_York
maw-94h3,Lxv-99,2020-03-09,1:17 PM,3:55 AM,Asia/Tokyo
3gb-98pL,djK-52,2021-08-27,3:20 AM,6:23 AM,Asia/Shanghai
6iG-52dH,gf7-62,2020-07-31,5:50 PM,5:08 AM,America/Chicago
HJU-32eE,e5i-88,2021-11-07,9:48 AM,10:31 PM,America/Sao_Paulo
K4T-603U,5lf-64,2020-03-24,7:53 PM,6:56 AM,Europe/Lisbon
A15-57AV,SXd-14,2020-09-05,3:20 PM,7:12 AM,Asia/Jakarta
hlt-69Eg,dJ7-62,2021-08-17,11:21 AM,10:15 PM,Asia/Chongqing
pYu-06i2,KYk-44,2020-11-06,2:48 PM,6:21 PM,Asia/Shanghai
gmz-29Tw,AaH-95,2021-01-12,5:32 AM,1:44 AM,Asia/Manila
QOc-85Rd,kDb-69,2021-09-24,11:04 PM,2:08 AM,America/Lima
cMz-03oW,d9h-39,2021-09-02,10:58 AM,11:42 PM,Asia/Shanghai
YWC-31lr,0hy-08,2021-10-03,1:09 AM,9:42 AM,America/Santarem
fVe-41qW,S5Y-76,2020-04-16,6:12 AM,7:57 PM,Asia/Seoul
kR2-38oo,ejm-29,2020-02-12,7:42 PM,5:15 AM,America/Santo_Domingo
StD-41xL,t3n-36,2020-04-17,5:30 AM,12:25 AM,Asia/Ho_Chi_Minh
d6i-26O1,ito-00,2020-11-16,9:23 PM,11:47 PM,America/Bahia
eJV-921T,nQ3-11,2021-09-18,4:33 PM,2:23 AM,Europe/Warsaw
wDH-420h,u6n-17,2021-04-02,7:11 PM,10:48 PM,Asia/Harbin
q7Q-816j,0gq-95,2020-11-21,3:34 AM,6:21 AM,Europe/Prague
DiE-67R7,TQe-65,2020-12-28,12:35 AM,11:53 AM,Europe/Chisinau
3RD-69xn,bzr-43,2021-07-19,9:54 AM,12:37 AM,Europe/Stockholm
bfp-58yk,7mc-25,2021-11-26,5:53 AM,11:11 PM,America/Edmonton
y02-42kU,98Q-78,2021-05-07,1:39 AM,7:42 PM,Asia/Manila
c0Z-02uw,OnB-36,2020-11-19,7:32 PM,1:46 AM,Asia/Harbin
OOD-38DV,Xh3-47,2021-09-27,9:11 AM,7:32 PM,America/Panama
PkL-88mu,wy3-14,2020-04-30,12:01 AM,7:11 AM,Europe/Athens
MVt-16pq,mYb-56,2021-09-28,7:45 AM,5:34 AM,Europe/Paris
BIn-49nU,3QF-86,2020-02-14,6:43 PM,7:08 AM,America/Bogota
6iZ-25ab,ri1-05,2020-12-05,8:26 AM,12:45 AM,America/Guayaquil
aih-76qm,eQY-02,2021-05-10,11:48 PM,5:06 PM,Asia/Damascus
HOV-417T,QGX-00,2020-07-06,12:40 PM,6:18 PM,Asia/Chongqing
8ST-79b2,QHw-33,2020-01-19,12:49 PM,3:03 AM,Indian/Mauritius
XyC-24ai,TI2-98,2021-05-01,9:57 AM,6:29 AM,Asia/Tehran
Fby-93zx,X7Q-16,2020-11-11,11:34 PM,10:00 PM,Asia/Jakarta
wcB-5288,cuN-88,2020-09-04,10:31 PM,1:22 PM,Asia/Ho_Chi_Minh
oGk-06US,yzN-08,2020-08-22,2:22 AM,3:01 AM,Asia/Shanghai
5Eo-47Qj,vmz-25,2021-02-11,11:16 PM,2:48 PM,Europe/Vilnius
RUz-85PM,Shv-85,2020-12-13,7:21 PM,7:44 AM,Asia/Shanghai
uyu-71V3,u2m-04,2020-02-08,1:27 PM,11:19 PM,Europe/Madrid
7AV-05gB,yrU-46,2021-11-13,10:00 PM,12:25 AM,Europe/Warsaw
KfU-90rX,BrR-41,2020-11-27,11:49 AM,6:12 AM,Europe/Lisbon
SkD-43Uy,GWd-40,2020-06-11,10:00 PM,5:13 AM,Asia/Chongqing
o38-78Pn,63O-68,2020-04-23,11:45 PM,3:47 PM,Europe/Lisbon
WGb-15C2,tt0-82,2021-03-24,7:32 AM,10:18 PM,Europe/Moscow
fyf-23E2,6Au-17,2020-10-11,3:46 PM,2:50 AM,America/New_York
XOI-29Tr,QzQ-73,2021-01-31,11:20 PM,1:11 PM,Asia/Jakarta
g4I-914g,Aa4-97,2020-01-07,12:14 PM,5:11 AM,Europe/Prague
Knl-62yR,lBT-18,2021-04-19,9:06 AM,2:22 PM,America/Lima
v6F-184W,R6W-50,2020-01-13,9:31 AM,12:29 PM,Africa/Lagos
cMu-97y0,gVP-29,2020-05-03,7:28 PM,2:51 AM,Asia/Tehran
pqQ-2228,BpR-90,2020-09-23,5:25 AM,5:08 AM,Asia/Chongqing
s0P-59Dz,FXe-75,2020-05-10,1:06 AM,4:24 AM,Europe/Athens
TMW-09fE,C9A-01,2020-07-27,7:22 AM,1:18 AM,Asia/Manila
aVI-346S,tHl-84,2021-05-18,11:38 PM,1:14 AM,Asia/Manila
bGj-934g,ZVR-31,2021-06-13,6:13 AM,8:58 AM,Asia/Almaty
CvG-23A0,EJd-97,2021-08-23,11:17 PM,2:08 AM,America/Guayaquil
u2G-82ot,cAR-02,2020-08-12,9:18 AM,9:46 AM,Asia/Shanghai
KxF-97oZ,Yk9-47,2021-08-24,10:30 AM,3:32 PM,America/Port_of_Spain
5ns-05m0,XJo-24,2021-11-15,9:39 PM,11:03 PM,Europe/Moscow
zG7-10mj,IMi-05,2020-02-15,10:10 PM,7:24 AM,Asia/Jakarta
Flf-08Sm,yRg-58,2020-07-06,1:44 PM,8:15 AM,Asia/Jakarta
6fJ-84Fi,zch-53,2021-04-03,5:06 AM,7:00 AM,Europe/Moscow
FJf-35pZ,lRm-19,2020-11-06,6:16 PM,10:15 AM,Europe/Sarajevo
9pe-90fr,B92-64,2021-08-12,5:01 PM,1:53 AM,Europe/Ljubljana
GpI-179A,SV2-53,2020-12-27,11:48 AM,9:31 AM,Europe/Prague
g7m-09lU,alY-60,2021-07-26,9:45 AM,12:23 AM,Europe/Moscow
8rP-27gO,XDi-40,2021-11-04,12:38 PM,11:39 PM,Asia/Karachi
YOJ-81W3,iuc-15,2021-04-19,10:19 AM,3:42 AM,America/Detroit
zAD-8159,LVu-44,2020-02-10,8:47 AM,8:04 PM,Asia/Shanghai
Vg6-28n0,dNS-27,2020-03-16,11:33 AM,3:03 PM,Africa/Dakar
HD8-09NB,7ry-72,2020-06-27,3:57 AM,12:06 PM,Asia/Samarkand
l4j-07yO,Zot-38,2021-04-16,5:33 PM,12:48 PM,Asia/Jakarta
KXi-32Gw,eKo-18,2021-02-01,2:12 PM,1:41 AM,Europe/Zagreb
oQ3-1933,sD8-63,2021-01-02,4:58 PM,10:55 AM,Asia/Amman
E5X-414I,BQP-32,2020-06-13,7:08 PM,1:42 PM,Asia/Chongqing
g04-40Qp,vzn-66,2021-05-24,8:01 AM,2:01 PM,Europe/Prague
aqV-91Pa,ryv-97,2020-12-23,3:09 AM,1:52 PM,Europe/Stockholm
6Fd-60rj,AgA-41,2021-11-18,6:00 AM,10:36 AM,Europe/Stockholm
OnN-02x8,A9A-95,2021-05-16,5:27 AM,2:23 PM,Europe/Helsinki
BcX-59OF,c5Z-02,2020-12-01,10:38 PM,11:02 AM,Asia/Shanghai
K0Z-17cy,iUI-65,2021-12-07,1:47 AM,2:29 PM,America/Costa_Rica
CLD-940S,Tzg-07,2021-05-23,7:29 PM,8:22 AM,Asia/Shanghai
k0K-06KG,v5S-08,2020-02-04,12:34 PM,6:30 PM,Europe/Tirane
QR6-416y,PPI-05,2020-05-06,3:20 PM,5:53 AM,Asia/Chongqing
wJ8-12g6,gQH-33,2020-04-08,10:19 PM,10:21 PM,Asia/Tokyo
wSW-46YL,tz1-68,2020-10-26,12:39 AM,10:57 PM,Europe/Oslo
PN0-858J,aQ9-40,2020-11-02,8:51 AM,2:37 AM,Europe/Paris
BOP-552o,sQe-12,2020-09-06,10:37 AM,5:29 AM,Europe/Moscow
i9R-75HW,Atb-40,2020-06-06,9:00 AM,5:42 AM,Africa/Lagos
pm8-82rm,CAp-83,2020-04-29,2:05 PM,12:08 PM,Africa/Tunis
mDF-90wy,Pt2-38,2020-10-11,9:55 AM,8:04 PM,Asia/Shanghai
nHr-07eU,Nix-54,2020-08-31,1:31 AM,2:02 AM,Asia/Kuala_Lumpur
kro-11Qt,pNk-35,2021-01-29,6:25 PM,12:38 AM,America/Sao_Paulo
ZX1-30Vz,nT4-02,2020-07-27,9:04 PM,12:10 AM,Asia/Makassar
10t-85Eu,bqz-10,2020-06-10,7:50 AM,4:49 AM,Asia/Chongqing
bNB-65Hl,YQ1-24,2021-08-19,7:09 AM,2:09 AM,Asia/Tokyo
s7A-23lb,KtI-30,2020-04-22,7:20 AM,8:23 PM,Europe/Stockholm
9Ph-748R,4j8-48,2020-12-31,12:48 PM,9:39 PM,Africa/Lagos
9Ih-85We,eeL-77,2021-04-14,2:30 PM,12:16 PM,Asia/Shanghai
t4q-53v8,BOF-88,2020-10-16,7:58 PM,8:47 AM,Asia/Chongqing
DDT-22Ng,NHc-19,2020-02-12,7:39 PM,2:10 AM,Europe/Zagreb
tpx-19QW,S9S-01,2021-06-22,5:11 AM,2:10 PM,Asia/Chongqing
bXf-655v,SQ8-82,2021-11-03,12:18 PM,7:27 PM,Europe/Lisbon
Vib-28Bz,BE3-77,2021-06-25,12:50 AM,2:54 AM,Africa/Addis_Ababa
yPD-82xO,ruz-19,2020-05-13,12:31 PM,7:37 AM,Europe/Paris
TtB-48wk,6wO-01,2020-11-19,9:30 AM,11:14 AM,Asia/Chongqing
bjN-40GC,pbN-64,2020-02-13,8:19 AM,7:26 PM,America/Lima
MOE-84BL,Nu8-79,2020-05-20,7:22 PM,2:37 AM,Asia/Makassar
ReW-3444,hJC-97,2021-08-02,8:43 PM,5:37 AM,Asia/Chongqing
N3G-768k,AH6-04,2021-07-09,8:47 PM,9:04 AM,America/Jamaica
5H3-30F4,Bsl-02,2020-04-14,10:09 PM,5:24 PM,Europe/Madrid
9gY-87yB,GCz-79,2021-06-05,6:42 PM,9:47 AM,Asia/Jakarta
DrE-17Fv,m20-08,2020-11-21,2:22 PM,9:40 PM,Europe/Warsaw
M6J-989h,UCy-96,2021-04-07,2:44 PM,7:31 AM,America/Santiago
B1m-6337,52t-84,2020-02-03,1:28 AM,8:06 PM,Asia/Chongqing
Thd-18ZF,krx-45,2021-08-09,12:48 AM,2:50 PM,Africa/Johannesburg
Qwj-54xs,pfO-13,2020-08-18,9:02 AM,12:44 PM,Asia/Yerevan
aHn-90u3,BE3-77,2021-11-19,10:16 AM,7:08 PM,America/Los_Angeles
nuh-66Ib,27l-25,2021-10-28,10:01 PM,11:57 AM,Asia/Jakarta
x4N-89FU,FMY-76,2021-02-28,3:05 PM,5:34 AM,Asia/Shanghai
Dyl-45A9,LBs-82,2020-02-11,4:48 AM,1:38 PM,Europe/Zaporozhye
x4H-78Cf,UBZ-88,2020-03-23,1:48 PM,11:32 PM,Europe/Minsk
23P-10kx,lpx-00,2020-11-15,12:42 AM,4:17 AM,Asia/Shanghai
FES-85Ti,lnM-86,2020-04-04,3:00 AM,7:28 AM,Asia/Kolkata
5Nv-46mj,KmQ-79,2020-02-04,10:36 AM,11:47 PM,Asia/Yerevan
btR-54f1,Dgp-53,2021-09-15,2:21 AM,2:16 PM,Europe/Paris
6DV-36AF,rHT-55,2020-05-21,1:00 PM,12:42 PM,Asia/Jakarta
bEI-10Z8,CAp-83,2020-02-17,8:14 PM,6:34 PM,Africa/Accra
lcp-12Yv,MYa-93,2020-11-10,5:41 PM,9:31 PM,America/Montevideo
QSF-064R,Q6B-81,2020-11-26,5:50 AM,9:58 PM,America/Chicago
miQ-15wb,DqU-02,2020-11-01,6:12 PM,7:12 AM,Asia/Shanghai
7MG-40rm,BjQ-85,2021-03-06,4:18 PM,7:07 PM,Asia/Makassar
kwM-31KV,F1m-82,2020-12-17,9:49 PM,10:56 PM,Europe/Paris
XQS-00RC,RfC-75,2020-06-29,1:29 PM,8:52 AM,Europe/Paris
MeX-54nN,Y64-66,2021-01-16,8:30 PM,7:54 AM,Pacific/Auckland
fCV-52xx,k8L-25,2020-10-14,11:24 PM,5:19 AM,America/Mexico_City
Gzl-90mV,Pf7-06,2021-02-10,11:42 AM,8:05 PM,Asia/Ulaanbaatar
XK5-70Ii,Kq0-95,2021-09-02,2:15 PM,2:18 AM,Europe/Skopje
3Ev-0885,jBh-11,2021-10-21,9:01 PM,5:52 PM,Europe/Moscow
nh2-65Od,GzL-06,2021-01-07,5:03 AM,12:38 AM,America/Sao_Paulo
1Iz-20q6,iNW-26,2020-07-06,12:12 PM,12:23 PM,Asia/Ho_Chi_Minh
jRp-57fK,9kq-00,2020-11-14,4:54 PM,9:34 PM,Asia/Shanghai
2HZ-95g5,Oa6-30,2021-06-06,1:18 AM,1:42 PM,Europe/Amsterdam
XAK-96Ig,T9p-52,2020-10-23,12:08 AM,2:34 PM,Europe/Warsaw
iaI-2686,QHw-33,2021-04-02,8:32 PM,9:22 PM,Asia/Shanghai
Du4-97zF,5Dw-74,2020-01-13,3:47 PM,2:56 AM,Pacific/Auckland
RpA-62FC,oLc-57,2020-01-01,5:03 PM,12:37 PM,Asia/Dushanbe
6nm-60Nw,4Kg-59,2020-04-16,6:52 PM,11:37 AM,Europe/Zagreb
gmD-37UM,V6k-06,2021-11-07,6:21 AM,4:14 AM,Europe/Luxembourg
n9m-16mI,ewx-78,2021-02-28,12:36 PM,3:21 PM,Europe/Paris
rvN-496t,SzI-24,2021-05-19,9:48 AM,10:57 PM,America/Mexico_City
BMg-94Mr,Fss-75,2020-05-22,11:35 AM,4:55 PM,Asia/Manila
d55-19rn,RJc-72,2020-06-18,10:05 PM,10:45 PM,Asia/Harbin
U1u-71aa,Sd2-69,2020-06-14,11:45 PM,10:39 PM,Asia/Makassar
BSy-07L6,wKW-40,2021-10-25,1:39 PM,11:07 AM,Europe/Warsaw
OvZ-54wm,A3s-67,2020-09-14,8:58 AM,10:42 AM,America/Moncton
EJ9-89Bw,SJl-77,2020-09-22,4:28 PM,6:19 PM,Asia/Makassar
BZs-84w5,hiu-83,2020-03-29,1:54 AM,8:08 AM,Asia/Chongqing
d3R-57wT,tz1-68,2021-08-18,8:13 AM,2:36 AM,Europe/Podgorica
faS-58x9,uDu-42,2020-01-29,5:17 AM,11:24 PM,Europe/Moscow
mdt-423L,X9B-16,2021-01-26,7:51 AM,5:34 AM,Asia/Shanghai
BYQ-12ur,2YW-87,2020-11-13,8:18 PM,7:11 AM,Asia/Chongqing
T0k-45lg,sv6-25,2020-07-13,8:28 AM,7:42 AM,Europe/Stockholm
wYd-172Z,MSo-87,2021-11-10,4:28 PM,1:23 PM,Europe/Paris
WHh-98gu,Ecu-92,2020-03-09,11:33 AM,1:07 AM,Europe/Moscow
EAa-13uk,Lxv-99,2021-04-06,4:13 AM,3:54 AM,Europe/Moscow
xGI-14i1,GPM-62,2020-01-19,1:13 PM,4:46 PM,Asia/Ho_Chi_Minh
cvt-97Le,gGr-23,2020-05-18,5:13 AM,2:03 PM,America/Lima
Wjv-97dL,yxF-57,2020-09-27,2:45 AM,8:43 PM,Asia/Jakarta
3Il-34PU,eQn-14,2020-05-12,9:47 AM,3:12 AM,Asia/Jakarta
1fk-38Ey,hQw-68,2021-06-10,7:07 AM,10:22 AM,Europe/Dublin
ow4-912I,Oqx-39,2020-04-24,9:27 PM,8:48 AM,Africa/Libreville
d9t-520Z,iUI-65,2020-12-27,10:34 PM,2:28 AM,Europe/Moscow
9Qe-52xM,NRD-17,2021-04-28,12:39 AM,7:13 PM,Asia/Nicosia
imw-44mo,PxY-30,2020-09-25,11:55 PM,2:24 PM,Asia/Ulaanbaatar
QCm-54jE,VGw-67,2020-12-20,12:29 PM,2:38 PM,Africa/Dar_es_Salaam
5F1-29W7,5V7-14,2021-03-17,5:33 AM,4:46 AM,Asia/Shanghai
fci-23kk,jVh-70,2021-07-28,4:25 AM,5:48 PM,Asia/Urumqi
8Nu-17Tk,WeP-09,2020-03-29,2:23 PM,12:05 AM,Asia/Novokuznetsk
D9i-35Sr,dRa-68,2021-03-12,2:03 PM,11:46 PM,Europe/Paris
pbI-61Ug,VO6-61,2020-09-23,2:12 PM,4:14 AM,Europe/Lisbon
Qio-50v0,3D3-73,2020-07-24,7:05 AM,7:20 AM,Europe/Paris
htZ-58HW,QgG-74,2020-04-30,5:58 PM,3:52 AM,Asia/Makassar
DeI-68Wv,oMX-14,2020-11-19,12:46 PM,3:11 AM,Asia/Vladivostok
iCI-86wI,imW-44,2020-05-27,5:14 PM,4:13 AM,Europe/Lisbon
Jal-12Yq,yzN-08,2020-05-03,3:23 PM,3:22 PM,Europe/Uzhgorod
jhX-82GX,RGq-91,2021-11-24,2:36 PM,6:46 PM,Africa/Abidjan
Jv3-225e,4bI-81,2020-02-23,12:24 PM,1:27 PM,Pacific/Auckland
goG-233N,djK-52,2020-10-31,12:31 AM,1:02 AM,Africa/Bangui
6Xd-76Kh,Tu3-97,2021-05-17,8:38 AM,8:38 PM,America/Chicago
Chq-04ek,qy6-96,2020-05-02,7:43 PM,8:34 AM,Asia/Pyongyang
tRQ-77H9,bIk-32,2020-03-29,5:55 AM,1:41 AM,Europe/Ljubljana
FS7-64ue,MF6-96,2021-01-18,5:34 PM,12:42 AM,Asia/Jakarta
ULM-72Pm,0AQ-09,2020-07-13,4:45 PM,8:50 PM,Asia/Shanghai
moH-2197,Ntl-06,2020-02-26,9:03 PM,7:28 PM,America/Maceio
xcj-09m0,TkQ-06,2020-01-04,7:46 PM,11:42 AM,Asia/Shanghai
HAj-95N0,TQe-65,2021-06-27,10:17 AM,11:36 AM,Asia/Makassar
liw-40lx,CG3-75,2021-02-28,9:08 AM,6:24 PM,Asia/Colombo
1Nn-77X7,ntH-93,2020-02-13,10:07 PM,3:21 PM,America/Sao_Paulo
nhD-11c8,8KI-30,2021-03-15,9:37 PM,1:52 AM,America/Santiago
xUe-72u4,XWa-70,2021-08-07,5:25 PM,1:19 AM,Europe/Kiev
BbR-54Ym,3aG-72,2020-02-22,1:54 AM,6:53 AM,Asia/Jakarta
jBV-15NK,8kJ-22,2021-04-09,1:52 PM,12:23 PM,Europe/Warsaw
fbx-33Ic,zZn-61,2021-08-29,8:46 AM,6:48 AM,Africa/Cairo
cff-35UD,Zoc-04,2020-07-08,1:01 PM,2:59 PM,Asia/Shanghai
E5V-47m5,vG2-03,2021-06-22,4:24 AM,8:49 AM,Asia/Jakarta
2wo-71Zt,o5Z-23,2020-09-09,4:05 PM,12:08 AM,Africa/Tunis
uk2-55Fe,cqi-62,2020-07-07,9:40 AM,12:46 AM,Pacific/Wallis
ZKm-49DU,mrt-99,2021-09-13,10:17 PM,8:03 PM,Asia/Bangkok
JXQ-48rq,OIq-69,2021-02-06,4:18 PM,5:12 AM,Asia/Chongqing
BzI-28C6,Z4T-34,2021-08-31,11:06 AM,10:35 PM,Asia/Yekaterinburg
CPx-006w,gZQ-89,2021-10-16,5:00 PM,8:51 PM,Europe/Stockholm
qKW-61G8,K3k-15,2021-11-15,6:22 PM,3:14 PM,Asia/Riyadh
lVf-94o6,ABg-90,2020-02-21,8:20 PM,9:28 AM,Asia/Manila
lzd-07Vw,RRB-52,2020-01-13,9:59 AM,10:04 PM,Asia/Harbin
FTs-99ag,Jzv-72,2020-06-30,11:36 PM,7:38 AM,Asia/Kabul
vi7-09re,MOH-62,2020-11-20,1:17 AM,11:53 AM,Asia/Urumqi
MdB-73ys,rgt-11,2020-11-24,8:38 PM,9:19 PM,Asia/Shanghai
uUg-10bi,dZ7-94,2020-12-10,6:27 PM,6:06 AM,Europe/Moscow
2IV-79yT,Y9Q-30,2020-06-06,12:31 PM,10:38 AM,Asia/Dushanbe
UdY-92z0,vAh-53,2020-08-15,7:34 PM,6:20 AM,Africa/Johannesburg
If3-55PY,JA2-23,2020-09-26,7:10 PM,8:48 AM,Asia/Shanghai
pQL-91CU,te4-71,2020-08-20,11:52 PM,10:59 AM,Asia/Shanghai
V0n-4150,hZC-85,2021-04-02,2:21 PM,3:40 AM,Asia/Manila
QJ8-54rR,lBX-00,2020-04-19,5:46 AM,7:48 PM,Europe/Prague
5TB-996k,2Rt-84,2020-05-26,6:36 AM,10:34 PM,America/Santiago
dq7-3818,tZX-14,2021-02-15,3:04 PM,6:03 PM,Asia/Makassar
sHY-24MF,lsF-93,2021-05-24,6:37 PM,12:02 AM,Asia/Ulaanbaatar
GQD-98BF,kcZ-91,2020-04-29,8:31 AM,1:02 PM,Africa/Addis_Ababa
zCh-9434,H9J-43,2021-11-19,4:54 AM,8:28 AM,Asia/Chongqing
ioS-24H3,gCv-22,2020-04-20,8:28 AM,12:53 AM,Asia/Jakarta
je1-690a,dqo-07,2020-05-03,12:00 PM,2:44 PM,Asia/Jakarta
CoD-39F1,Zuv-62,2020-11-25,10:44 AM,9:22 PM,Europe/Zagreb
NYx-78pH,B92-64,2020-12-18,8:00 PM,6:58 AM,Asia/Harbin
2A4-69tP,3DH-40,2021-08-18,6:38 PM,9:06 AM,America/Chicago
m3x-287T,rfj-46,2020-01-15,1:06 PM,2:59 AM,Asia/Bangkok
Cfw-75bl,bnZ-81,2020-06-23,1:38 PM,8:08 PM,America/Monterrey
qST-13BQ,I1Y-68,2021-05-23,5:04 AM,1:47 AM,Europe/Paris
