Building_Number,Building_Name,Location,Company_Name
o1o-30Hp,Asteraceae,21 Jana Alley,Tanoodle
e0H-22qx,Bryaceae,96932 Columbus Court,Dynazzy
77o-979M,Cactaceae,5 4th Place,Edgepulse
f4Y-08bA,Polemoniaceae,19266 Weeping Birch Plaza,Minyx
m3H-61DD,Poaceae,8212 Darwin Drive,Bubblebox
W1S-33Dh,Hymeneliaceae,1 Briar Crest Crossing,Kimia
63l-76Z3,Malpighiaceae,545 Truax Avenue,Tavu
z0a-49gZ,Piperaceae,95 Acker Place,Janyx
w6u-25US,Poaceae,40024 Nobel Road,Mynte
e9X-54NR,Grimmiaceae,95282 Lakewood Gardens Circle,Feedfish
w5F-78Nb,Cyperaceae,5907 Fairview Pass,Riffwire
e7o-71ZR,Poaceae,4425 Union Junction,Fivespan
W5i-82YW,Phytolaccaceae,1318 Heath Junction,Zava
h9v-37KK,Asteraceae,3130 Dixon Parkway,Cogilith
X8u-34ZZ,Timmiaceae,384 Thompson Circle,Tazzy
07b-23Of,Apiaceae,030 Mccormick Avenue,Feedbug
v5n-77Gy,Pottiaceae,70 Northridge Point,Shuffledrive
11E-814i,Cupressaceae,64 Havey Parkway,Brainlounge
G5j-660q,Pteridaceae,4 Kingsford Drive,Digitube
92Z-51WF,Asteraceae,3348 Mcguire Way,Rhynoodle
B4N-07ee,Campanulaceae,344 American Ash Drive,Rhynoodle
Z5s-22lz,Cyperaceae,57 Mandrake Parkway,Eire
u5y-19O3,Asteraceae,61259 Sugar Pass,Fliptune
o99-77rQ,Fabaceae,65805 Dottie Hill,Realbuzz
D4q-04yh,Alectoriaceae,8760 Green Ridge Parkway,Katz
g5e-18Lx,Fagaceae,6 Dwight Junction,Tagcat
07a-51tp,Lecanoraceae,52793 Sherman Parkway,Linkbuzz
W2o-54vf,Boraginaceae,5 Parkside Pass,Bubblemix
N0I-89fg,Asteraceae,55876 Service Crossing,Babbleblab
o8k-14VV,Ericaceae,618 Bayside Parkway,Fivebridge
s7g-18Yl,Rosaceae,67624 Jenna Terrace,Rhynyx
t1p-68n1,Apiaceae,45397 Upham Circle,Thoughtmix
R9o-29BF,Tamaricaceae,454 Dorton Avenue,Avamba
r3w-58tY,Cactaceae,16 Fairfield Avenue,Gevee
H5u-34rk,Asteraceae,63 Prentice Crossing,Twiyo
N4k-36Bb,Cactaceae,3278 Butternut Terrace,Leenti
z69-39z6,Xyridaceae,6499 Hollow Ridge Junction,Topiczoom
29G-14Y5,Iridaceae,710 Gina Hill,Photobug
G1G-99Xb,Dicranaceae,071 Golf Drive,Riffpath
P9I-38xr,Caryophyllaceae,8 Blaine Pass,Twitterlist
O3P-927a,Verrucariaceae,5456 Sloan Hill,Youopia
B84-48vw,Buddlejaceae,602 Dorton Hill,Feedbug
n8q-29xc,Asteraceae,4 Goodland Junction,Livepath
d49-57R5,Asteraceae,133 Longview Parkway,Geba
59S-80bM,Parmeliaceae,3 Crest Line Court,Rhynyx
73n-96fE,Najadaceae,49 Milwaukee Parkway,Photofeed
s0v-04T1,Pottiaceae,2904 Nova Terrace,Kazu
H2y-17TG,Aizoaceae,697 Beilfuss Alley,Tazzy
h49-90Dm,Brassicaceae,313 Sunnyside Parkway,Plambee
L3d-352Q,Asteraceae,6352 Dryden Drive,Linkbuzz
v7X-12uK,Araceae,9173 6th Court,Vinder
A3R-44xG,Liliaceae,650 Drewry Alley,Youfeed
t15-38hp,Bacidiaceae,16739 Farwell Trail,Jabberstorm
K70-38hA,Salicaceae,4 Old Shore Terrace,Vinte
P0l-48VV,Asteraceae,8992 Crownhardt Pass,Yamia
06y-14YV,Hydrophyllaceae,314 North Way,Tagcat
I8U-07H8,Poaceae,304 Reinke Court,Wikivu
F1y-05Az,Fagaceae,2 Scott Terrace,Avavee
R5F-9455,Moraceae,68271 Hansons Terrace,Mybuzz
J4g-88gE,Pertusariaceae,745 Dovetail Place,Zoomzone
69P-24VS,Parmeliaceae,95673 Corry Crossing,Zoombeat
s1Z-72N6,Brassicaceae,696 Hanson Alley,Quamba
37A-52kQ,Nyctaginaceae,95 Bartelt Lane,Podcat
K8K-85Fs,Poaceae,2049 Maple Wood Trail,Dynazzy
G7d-195q,Euphorbiaceae,68732 Haas Hill,Jaxnation
F55-88u1,Myrtaceae,919 Huxley Center,Pixonyx
S4y-101i,Cyperaceae,63959 Lakewood Street,Vitz
K0H-22Lu,Lecanoraceae,8368 Butternut Pass,Yata
I3p-87sk,Malvaceae,8 Bayside Street,Skaboo
n11-946x,Fumariaceae,5 Dennis Way,Skiba
f74-16Wk,Asteraceae,2 Bluejay Trail,Trilia
609-77UD,Acanthaceae,5 Vernon Alley,Devcast
J8O-61Bb,Portulacaceae,89 Rusk Trail,Fanoodle
W0I-54fl,Fabaceae,2630 Prairie Rose Center,Yodo
H1F-58Vx,Lythraceae,213 Scoville Plaza,Skibox
p07-824W,Scrophulariaceae,24 Badeau Parkway,Brightbean
G87-56Rr,Polemoniaceae,9975 Blaine Terrace,Meetz
M42-43UQ,Rubiaceae,368 Village Park,Yoveo
B8U-96hO,Asteraceae,73 Columbus Alley,Zooveo
D3S-61GC,Agavaceae,625 Fairfield Alley,Meedoo
x9x-52G0,Liliaceae,295 Shoshone Avenue,Babbleblab
D4b-82Ho,Liliaceae,02681 Westerfield Pass,Skimia
D6K-877H,Poaceae,573 Bluestem Hill,Voonyx
S1t-58MR,Gomphillaceae,579 Milwaukee Road,Zoomcast
T86-67Wc,Onagraceae,957 Manley Court,Myworks
C74-38Gc,Liliaceae,3532 Granby Way,Bluezoom
h3H-028f,Cupressaceae,93 Bluestem Lane,DabZ
N5U-2294,Asteraceae,15 Mayer Circle,Devpoint
G3H-966Q,Euphorbiaceae,637 Hooker Crossing,Centidel
y5Q-58so,Poaceae,57 Magdeline Trail,Pixope
T4L-34Us,Fabaceae,548 Forster Avenue,Tavu
89b-294c,Cuscutaceae,110 School Hill,Mydo
y0u-61zD,Fabaceae,4188 Logan Alley,Mycat
E8a-245w,Goodeniaceae,182 Vermont Circle,Voonix
51q-39hE,Parmeliaceae,421 Ilene Crossing,Fatz
s70-40fK,Dryopteridaceae,53602 Westend Pass,Tanoodle
O6Z-48xQ,Balsaminaceae,7849 Troy Drive,Thoughtworks
14E-15Lq,Rhamnaceae,09382 Farragut Place,Edgeify
P89-71lP,Grammitidaceae,3 Duke Way,Oloo
87e-73ZS,Ericaceae,7 Prentice Street,Janyx
s2A-57j6,Poaceae,3410 Cambridge Way,Ooba
w1X-08WH,Violaceae,233 Eagan Junction,Omba
n1B-93ou,Fabaceae,1 Aberg Drive,Vinte
l60-69Qr,Polemoniaceae,6525 Waubesa Point,Babbleblab
J5N-45SX,Cyperaceae,51 Del Mar Junction,Dabshots
V8z-16as,Asteraceae,4854 East Drive,Vimbo
J9s-404O,Caryophyllaceae,051 Mccormick Alley,Tagtune
A0F-62Yx,Costaceae,62390 Laurel Point,Vitz
71G-61Tg,Micareaceae,2362 Waxwing Plaza,Jabberstorm
B5F-78gu,Asteraceae,82 Sage Hill,Yamia
u4T-40qM,Myrtaceae,4941 Bartillon Drive,Edgewire
i7I-87VV,Violaceae,18 Macpherson Place,Brainsphere
L8C-78Dv,Fabaceae,0 Magdeline Way,Twitterlist
c8x-8185,Saxifragaceae,2 Corry Center,Centizu
f6B-69Pr,Ephedraceae,66 Melby Avenue,Kazu
P6t-12vw,Ranunculaceae,5 Scott Terrace,Kwilith
c69-378e,Onagraceae,2 Redwing Pass,Wikizz
58N-06PO,Asteraceae,6894 Fairview Parkway,Blogspan
x8i-68CJ,Juncaceae,06 Thackeray Park,Gevee
o3S-54BL,Hydrophyllaceae,40596 Basil Place,Kazio
p0S-620t,Graphidaceae,4244 Dwight Place,Jabbersphere
56W-32vt,Nyctaginaceae,3453 Northview Alley,Tagopia
q1d-8855,Poaceae,73 Clove Avenue,Zoomlounge
A4g-10jQ,Apiaceae,358 Hoepker Street,Zoomcast
n99-57Hl,Hymeneliaceae,8 Green Trail,Mita
M2z-89JC,Verbenaceae,5774 Buhler Alley,Gabspot
Z4e-84Kc,Pontederiaceae,9 North Alley,Pixoboo
T9D-59l8,Brassicaceae,0 American Road,Blogpad
d4D-55dk,Fagaceae,18779 Village Junction,Innotype
G9e-00g7,Ranunculaceae,15582 Oneill Way,Fanoodle
66w-79TW,Urticaceae,9464 Manufacturers Plaza,Oyonder
F6s-10Hb,Bombacaceae,518 Eagle Crest Hill,Skippad
V2n-29Zf,Asteraceae,91007 Waxwing Point,Gabtype
19V-17rl,Fabaceae,459 Utah Junction,Eadel
37g-50rG,Polemoniaceae,52 Mallory Plaza,Riffpath
F2e-42M0,Tamaricaceae,3626 Reindahl Trail,Linkbridge
975-160I,Poaceae,677 Fairfield Hill,Teklist
E2d-98FN,Scrophulariaceae,2 Pearson Junction,Trilia
02X-05Xe,Asteraceae,92 Sommers Center,Skippad
h0a-39uY,Trapeliaceae,2236 Thackeray Place,Cogidoo
349-20CM,Malvaceae,44 Surrey Point,Tavu
F3H-846F,Passifloraceae,4943 Magdeline Court,Dabvine
38B-78JC,Hydrophyllaceae,432 Summerview Pass,Voolith
K3k-257S,Pottiaceae,00405 Declaration Avenue,Viva
n8r-42BV,Polygonaceae,78 Barnett Trail,Thoughtstorm
E4o-84Zh,Rhamnaceae,72795 Dahle Place,Skaboo
e4z-45O8,Lichinaceae,6 Fair Oaks Junction,Gabtune
B7o-99Zv,Fabaceae,04 Kim Road,Brightbean
F3A-3632,Piperaceae,4677 Delaware Parkway,Quimm
O3z-90Lw,Rhizocarpaceae,60 Green Ridge Avenue,Innojam
U6Y-16GX,Asteraceae,82762 Colorado Point,Pixonyx
73T-93gN,Lamiaceae,97135 Ramsey Alley,Meemm
41j-099C,Lamiaceae,95 Oakridge Center,Minyx
S12-65Zz,Orchidaceae,1204 Forest Run Place,Feednation
F1o-36sk,Polygonaceae,94 Bultman Pass,Pixope
85d-62Dc,Physciaceae,947 Kinsman Pass,Gigaclub
n2N-215n,Poaceae,2 Roxbury Avenue,Minyx
z36-39OU,Iridaceae,404 Nobel Parkway,Fatz
M2L-57jO,Rosaceae,78 Portage Way,Devcast
E55-43w7,Flacourtiaceae,8860 Amoth Plaza,Yamia
U9w-336G,Nymphaeaceae,35 Roth Point,Rhynoodle
P31-21UL,Verrucariaceae,21 Hollow Ridge Hill,Yamia
Q2n-67Qf,Euphorbiaceae,5699 Huxley Parkway,Photofeed
l6V-78kg,Bryaceae,79 Golf Course Terrace,Realpoint
35s-23X5,Onagraceae,8 David Street,Katz
D6r-68vl,Caprifoliaceae,7 Hudson Alley,InnoZ
A40-20YA,Bacidiaceae,03276 Luster Trail,Shufflebeat
74u-287Z,Bacidiaceae,69068 Bowman Road,Rhynyx
A00-66Su,Boraginaceae,7 Express Drive,Kwinu
o7L-47SU,Boraginaceae,4338 Jay Court,Oyoloo
z0U-80IK,Cyperaceae,7 Kedzie Junction,Skyvu
G9E-07ra,Physciaceae,08 Kenwood Point,Izio
T1W-70QR,Fagaceae,51803 Dixon Plaza,Realcube
s9D-37Ow,Asteraceae,244 Mandrake Park,Tanoodle
20U-905T,Fabaceae,23848 Garrison Hill,Voonix
777-239t,Malvaceae,9178 Burrows Circle,Yamia
O7N-14ol,Fagaceae,4518 Sutherland Pass,Trupe
r9c-91Bk,Poaceae,993 Anthes Parkway,Blogtag
y41-79zp,Liliaceae,46663 Iowa Crossing,Jamia
W2P-77Yy,Convolvulaceae,5065 Walton Court,Ntags
p8w-20fj,Rhizocarpaceae,9585 Thompson Plaza,Mycat
b8t-11ll,Cactaceae,85017 Canary Pass,Rhyloo
Y6G-932P,Scrophulariaceae,6 Calypso Avenue,Gabtype
N8m-66MS,Porpidiaceae,11 Oak Hill,Mydeo
T8X-43Ji,Brassicaceae,70903 Ohio Avenue,Tekfly
P3W-32mB,Cactaceae,34975 Anhalt Pass,Jabberstorm
e8k-958y,Trichotheliaceae,21249 7th Parkway,Podcat
Y8b-11nq,Fabaceae,52164 Claremont Hill,Abatz
x59-44wC,Fabaceae,8935 Oneill Court,Tazzy
44C-10I5,Notothyladaceae,5 Maywood Hill,Fanoodle
M0Z-96kq,Lecanoraceae,1 Kingsford Road,Blogspan
k2A-13lb,Pyrenulaceae,43 Sachtjen Parkway,Twitterworks
D6P-079Q,Onagraceae,6587 Jenifer Hill,Fliptune
K6Q-6295,Aspleniaceae,15 Washington Crossing,Trudeo
y5Q-32VW,Bignoniaceae,016 Judy Road,InnoZ
v2S-87OA,Caryophyllaceae,0 Atwood Street,Layo
K4j-16Kv,Hypnaceae,76 Hallows Trail,Linkbridge
M65-02j7,Asteraceae,905 Elgar Lane,Yodoo
Y0G-42Es,Pinaceae,547 Katie Center,Mybuzz
M3f-20Su,Euphorbiaceae,4947 Center Terrace,Chatterpoint
m7T-57nW,Iridaceae,21900 1st Park,Realfire
68c-59uO,Pyrenulaceae,562 West Pass,Wikizz
W1g-80Ug,Rhamnaceae,27875 Ridgeview Avenue,Twimbo
k6N-78vt,Fabaceae,1945 Hooker Parkway,Zooxo
t64-27RM,Haloragaceae,6 Mariners Cove Alley,Eayo
H09-46DE,Primulaceae,497 Pine View Road,Bluezoom
y0q-97ha,Brassicaceae,30 Shopko Plaza,Yodoo
H3v-91iq,Poaceae,187 Magdeline Terrace,Ooba
T0N-33Xc,Scrophulariaceae,2 Bluestem Street,Oodoo
Q5e-38V5,Cyperaceae,9 Marquette Junction,Plambee
q75-8054,Fabaceae,5716 Mayer Point,Jazzy
n55-19aQ,Lamiaceae,62 Gulseth Center,Zoozzy
w3B-79c4,Malvaceae,89848 Graedel Hill,InnoZ
r8s-08m6,Podocarpaceae,2106 Eliot Plaza,Skyvu
q3d-15DH,Pyrenulaceae,91482 Kenwood Alley,Meezzy
31t-16u8,Juglandaceae,86 Loftsgordon Center,Skidoo
V9t-59mC,Polygonaceae,534 Green Ridge Avenue,Kazio
b1C-750X,Asteraceae,9888 Redwing Road,Twinte
u20-95ab,Arthoniaceae,281 Macpherson Place,Kaymbo
e8p-050n,Melastomataceae,0 Eastwood Place,Thoughtmix
89B-10ne,Brassicaceae,8556 Duke Park,Midel
e2T-26Us,Malvaceae,22870 Acker Street,Eare
p0w-862n,Rubiaceae,37828 Charing Cross Circle,Edgepulse
78p-02k4,Rutaceae,8 Loeprich Junction,Meezzy
87T-703A,Poaceae,31 Service Hill,Edgeclub
y9L-993X,Cyperaceae,527 Carey Place,Eidel
p1a-62R5,Anemiaceae,351 Kennedy Terrace,Gigaclub
n46-73F4,Rosaceae,5 Utah Drive,Meejo
O7X-38GV,Fabaceae,45 Vermont Hill,Brainlounge
F95-72o7,Brassicaceae,87831 Clarendon Parkway,Skajo
Z8d-933w,Pteridaceae,1 Crescent Oaks Plaza,Gabtune
n0d-890F,Solanaceae,679 Warbler Plaza,DabZ
i0r-028G,Polygonaceae,65 Kenwood Terrace,Fadeo
N2Q-70it,Apiaceae,1447 Center Drive,Zooveo
q7i-16AW,Polypodiaceae,8 Pond Lane,Dynabox
78b-83gH,Ranunculaceae,56 Arapahoe Terrace,Topiczoom
C3W-55uu,Asteraceae,695 Spohn Court,Skiptube
b9Z-18Be,Scrophulariaceae,206 Walton Court,Reallinks
g4l-36MJ,Polemoniaceae,9315 Utah Place,Eire
J3w-809K,Liliaceae,1 Farwell Center,Zoombeat
81Y-23LR,Butomaceae,31479 Armistice Parkway,Mynte
15e-72LF,Brassicaceae,36926 Havey Crossing,Photofeed
K9e-58Bm,Bartramiaceae,51 Hoepker Drive,Centimia
Q2W-88od,Fabaceae,2 Karstens Pass,Zoombox
w56-607J,Bacidiaceae,5768 Susan Lane,Camido
T0f-739j,Lamiaceae,372 Lillian Plaza,Rhybox
W0y-373Y,Liliaceae,85 Erie Court,Linklinks
s6k-20gV,Graphidaceae,1648 Cambridge Center,Chatterbridge
P9r-82PY,Scrophulariaceae,2709 Westridge Avenue,Izio
06r-13L6,Physciaceae,0698 Dorton Drive,Twitterwire
05Q-0618,Potamogetonaceae,1112 Russell Way,Tagpad
K18-82jM,Asteraceae,74 6th Alley,Meemm
D3n-66Z5,Lauraceae,75601 Kropf Park,Brainlounge
98u-30bg,Apiaceae,80758 Monument Drive,Fliptune
v1Z-01Fy,Physciaceae,13 Hansons Way,Flashdog
V3g-27Fu,Asteraceae,24 Michigan Way,Edgepulse
60y-33sd,Rosaceae,93 Cascade Crossing,Bubbletube
12t-82IK,Asteraceae,6 Sullivan Place,Linkbuzz
g8k-89Rk,Boraginaceae,40 Melrose Drive,Oyonder
513-41go,Liliaceae,137 Manley Plaza,Trupe
b2j-97FJ,Cistaceae,1 Lakeland Street,Ooba
Q7K-35rv,Passifloraceae,232 Sunbrook Terrace,Leexo
j9o-591E,Ranunculaceae,1 Hoffman Plaza,Mynte
k8n-08Ax,Asteraceae,82478 Bluejay Street,Eayo
J8s-603a,Umbilicariaceae,1694 Canary Drive,Twitternation
H80-28Rn,Fabaceae,64407 Debra Place,Eabox
o4K-68YF,Fabaceae,86657 Hoffman Crossing,Jetpulse
B3F-67n7,Polygonaceae,27895 Cottonwood Way,Bubblemix
E43-60wS,Cyperaceae,9 Surrey Parkway,Jamia
p9r-00xW,Chenopodiaceae,88 Mifflin Center,Quinu
J1u-85hB,Boraginaceae,5 Fairview Point,Layo
f7E-80m1,Malpighiaceae,685 Pennsylvania Trail,Oyoloo
v6U-75rI,Cyperaceae,4 Northview Alley,Voomm
y2H-272r,Asclepiadaceae,48 Kennedy Place,Twitterworks
c1L-3288,Asteraceae,824 Scofield Drive,Jabbersphere
n7j-58bE,Asteraceae,28350 Jenifer Parkway,Yodel
88a-60WM,Commelinaceae,2 Bay Circle,Photobug
T2N-65nZ,Poaceae,91 Carpenter Way,Yotz
B65-96rY,Polygonaceae,4 1st Street,Yacero
U7F-68pc,Fabaceae,03055 Tennyson Center,Quinu
F0R-29BR,Lichinaceae,8 Arapahoe Pass,Wikivu
e2j-87HG,Plantaginaceae,129 Stang Court,Feedspan
d03-19tS,Caryophyllaceae,0 Maywood Park,Skiptube
e21-98Ew,Asteraceae,971 Straubel Junction,Tazz
r90-82dH,Rhamnaceae,81 Declaration Place,Tazz
C9C-13ho,Chenopodiaceae,9061 Oxford Avenue,Realfire
74H-54nI,Scrophulariaceae,8092 Londonderry Park,Brainlounge
E8A-59jB,Cyperaceae,42 Sullivan Circle,Flashpoint
b0C-552p,Fagaceae,52211 Bashford Pass,Realbuzz
t31-37iq,Cyperaceae,9445 Monument Junction,Jazzy
56R-19oE,Violaceae,435 Bellgrove Drive,Tavu
j8m-12pS,Adoxaceae,5430 Straubel Street,Divanoodle
26D-90tZ,Betulaceae,488 Porter Park,Realfire
596-13lx,Physciaceae,01 Porter Avenue,Mycat
b4I-29iA,Asteraceae,124 Maryland Alley,Rhynoodle
A3T-28xp,Dryopteridaceae,7 Colorado Trail,Photospace
T13-76u7,Fabaceae,5913 Shelley Avenue,Twinte
j3q-46dA,Asteraceae,742 Crest Line Alley,Kimia
d3o-75WU,Polygonaceae,0623 Westerfield Center,Geba
B7p-48a2,Leskeaceae,1 Pleasure Alley,Zoombox
P5E-33x3,Asteraceae,5172 Blackbird Circle,Thoughtblab
s71-68tK,Porpidiaceae,37679 Rutledge Trail,Yabox
W4N-59WP,Rosaceae,41508 Clemons Alley,Skimia
t40-09gP,Onagraceae,20566 Westend Trail,Youtags
C9u-58vW,Gesneriaceae,97731 Ruskin Plaza,Dablist
H5B-21Qs,Cyperaceae,565 Pawling Way,Topiczoom
e18-01Ut,Parmeliaceae,65830 Waxwing Park,Quatz
Z63-06eM,Fabaceae,13 West Junction,Skibox
G5H-53pJ,Loganiaceae,66 6th Hill,Topiclounge
N8K-86g5,Polemoniaceae,850 Golf Course Junction,Flipstorm
p3J-50LO,Asteraceae,3 Monica Circle,Thoughtmix
R7B-64Ca,Liliaceae,1 Dahle Circle,Fiveclub
R4k-00kM,Brassicaceae,979 Mcbride Way,Zoomlounge
h3q-63VH,Amaranthaceae,02 Daystar Way,Thoughtbridge
b5J-87S8,Scrophulariaceae,7862 Homewood Junction,Trupe
R26-26si,Arecaceae,2 John Wall Avenue,Youfeed
C7a-95y3,Leskeaceae,68 Vermont Drive,Skiptube
Y4z-78C7,Nephromataceae,2128 Mesta Road,Mynte
V4M-39ai,Physciaceae,27175 Golf View Point,Thoughtstorm
J3R-46g9,Asteraceae,8 Kenwood Place,LiveZ
21w-01kr,Fabaceae,0076 Blue Bill Park Parkway,Bluezoom
F3U-70PI,Araceae,7818 Farragut Avenue,Yodel
v6x-92nQ,Lecanoraceae,25 Westend Pass,Wordtune
44r-16A1,Opegraphaceae,24434 Eagan Point,Centidel
H55-79dF,Asteraceae,9 Dakota Crossing,Vipe
746-26zH,Iridaceae,591 John Wall Point,Agivu
r75-61Mt,Rhamnaceae,8337 Barnett Place,Fatz
c7T-91CE,Boraginaceae,29818 Bayside Avenue,Youbridge
J5J-50Ud,Apiaceae,76 Crest Line Junction,Vipe
k34-64c6,Cyperaceae,817 Oak Point,Photofeed
p1Q-16eA,Scrophulariaceae,005 Truax Pass,Eabox
83S-81GA,Urticaceae,7642 Boyd Junction,Rhybox
v9W-644E,Fabaceae,2 Paget Point,Meeveo
Y7X-20o1,Onagraceae,31 Havey Park,Browseblab
n5w-13c5,Asteraceae,76274 7th Pass,Realmix
q5H-557Z,Asteraceae,4517 Coolidge Alley,Midel
418-4219,Gentianaceae,0779 Loomis Court,Quimba
51o-12Lk,Rubiaceae,77 Oriole Plaza,Viva
d6w-735W,Asteraceae,4 Birchwood Circle,Yamia
m1l-24UN,Scrophulariaceae,50892 Elka Place,BlogXS
g61-332m,Physciaceae,85 North Plaza,Chatterpoint
g2t-08aP,Brassicaceae,5 Jana Pass,Fivechat
h21-35ru,Caryophyllaceae,265 Hoard Pass,Jabberstorm
Z0a-34Ld,Asteraceae,9375 South Road,Jabbersphere
91A-088k,Caryophyllaceae,6296 Holy Cross Parkway,Omba
s3C-13j0,Lamiaceae,8 Manufacturers Parkway,Dynabox
248-69ri,Poaceae,0 Pepper Wood Junction,Centimia
Q2T-15FM,Cyperaceae,8273 Utah Road,Photojam
O46-35ss,Zingiberaceae,6 Washington Point,Skimia
v7e-18JF,Asteraceae,29 Pennsylvania Trail,Mita
a2J-282A,Poaceae,97234 Moulton Park,Flashset
P5t-42wL,Asteraceae,26 Veith Hill,Tavu
f78-66yP,Arthoniaceae,57 Delaware Terrace,Gabtype
E4z-340R,Asteraceae,5 Hintze Pass,Ntag
o26-47pT,Agavaceae,398 Forster Center,Twitterwire
r9W-06yQ,Boraginaceae,75 Dennis Avenue,Trunyx
m2y-69MU,Asteraceae,12836 Stuart Circle,Feedfish
78z-86gt,Pottiaceae,0 Chive Way,Brainlounge
12i-03o6,Rosaceae,490 Coolidge Center,Fivechat
X3F-94nV,Saxifragaceae,5974 Red Cloud Drive,Skibox
z1a-58kz,Dilleniaceae,178 Dawn Hill,Tavu
k1q-49G2,Apiaceae,83151 Oak Plaza,Oyoyo
f0q-95BW,Pinaceae,0601 Dunning Point,Thoughtmix
H8S-39KM,Aristolochiaceae,2965 Esker Way,Wikivu
c9x-91SA,Orchidaceae,82150 La Follette Court,Fadeo
20p-31Qq,Polemoniaceae,9952 Fulton Plaza,Eazzy
V4k-15wV,Dipsacaceae,10960 Gulseth Plaza,Yakijo
24E-86i5,Aizoaceae,44877 Pond Trail,Feedbug
n1V-76Ie,Rosaceae,9 Ryan Parkway,Jabbercube
v1z-57LT,Asteraceae,3 Reindahl Terrace,Trilia
G7T-15cq,Liliaceae,7388 Duke Trail,Youspan
k5G-83JK,Verbenaceae,3 Bartillon Parkway,Edgewire
S8C-69kI,Ditrichaceae,3316 Merry Court,Avamba
s5A-44Q9,Amaranthaceae,0 Delaware Pass,Yodoo
S5Q-28Yv,Caryophyllaceae,2110 Warbler Terrace,Skyble
a0p-55u6,Poaceae,9887 Bultman Plaza,Demivee
h8o-798i,Coccotremataceae,7 Scoville Plaza,Riffpath
z9z-29wu,Chenopodiaceae,5865 Melby Court,Jayo
U5U-93St,Juncaceae,2 Heffernan Drive,Rhybox
A0R-616w,Fabaceae,88817 Esker Parkway,Yamia
u3q-43Ja,Leskeaceae,95 Sundown Alley,Photobug
371-50As,Fabaceae,1054 Bonner Pass,Snaptags
q84-73vv,Asteraceae,0 Mosinee Circle,Skyvu
r5C-75yl,Scrophulariaceae,67468 Norway Maple Avenue,Riffwire
n4y-70u4,Scrophulariaceae,7 Muir Street,Tambee
f7c-39pQ,Saxifragaceae,3 Dwight Point,Avamba
34t-02BE,Asteraceae,607 Old Shore Pass,Flipopia
d7R-343C,Bryaceae,683 Amoth Avenue,Dynabox
I3d-13zt,Liliaceae,12 Dayton Road,Flashset
j8T-73U8,Caprifoliaceae,0342 Troy Plaza,Yombu
h1t-03lM,Molluginaceae,1 Troy Junction,Gabtype
l4X-99U8,Linaceae,70 Iowa Lane,Twitternation
g7q-14Dn,Apocynaceae,63711 Annamark Circle,Twinder
o7j-83Ds,Poaceae,556 Manitowish Circle,Midel
V87-21Fk,Grossulariaceae,90473 Dorton Drive,Devpulse
B7q-74JY,Myrtaceae,462 Pond Road,Jayo
10z-704j,Hydrocharitaceae,02276 Caliangt Park,Yodoo
R3W-48HX,Liliaceae,178 Blue Bill Park Plaza,Feednation
g9V-88XM,Orchidaceae,603 Saint Paul Drive,Oba
y69-53Rg,Orchidaceae,751 Barnett Trail,Bubbletube
X65-42w6,Onagraceae,14 Dawn Street,Photojam
M6F-16ht,Scrophulariaceae,761 Del Sol Way,Thoughtsphere
v2F-12PC,Scrophulariaceae,0 Little Fleur Place,Jabberstorm
u9N-085K,Asteraceae,3 Sundown Point,Gigashots
V7H-58HI,Pottiaceae,5 Veith Lane,Shufflester
q7T-39sr,Ophioglossaceae,65 Shopko Alley,Skyble
s2e-80ID,Poaceae,80 Ludington Park,Rhybox
15U-31SW,Malvaceae,8 Macpherson Parkway,Tagopia
V1Y-310j,Fabaceae,87 Larry Avenue,Jaxnation
j8N-408j,Liliaceae,92 Steensland Crossing,Devbug
60Z-16mi,Isoetaceae,7 Buena Vista Crossing,Geba
t0X-26gQ,Verbenaceae,74 Sage Lane,Vitz
22n-58Zt,Poaceae,2447 Chinook Lane,Trupe
S71-349G,Ranunculaceae,20 Alpine Pass,Plajo
q3r-20sa,Cyperaceae,75877 2nd Park,Podcat
d8J-59wg,Teloschistaceae,832 Warbler Hill,Rhynoodle
x0Q-19eV,Asteraceae,7807 Iowa Park,Flashpoint
L2H-80OW,Asteraceae,42965 Ilene Hill,Voolith
78u-84jG,Chenopodiaceae,86128 Cordelia Center,Yakitri
r7T-540a,Polemoniaceae,8 Delladonna Circle,Yadel
y8s-66BJ,Orchidaceae,78420 Old Gate Lane,Flipbug
D5y-89sz,Orobanchaceae,20369 Chinook Hill,Fliptune
T2k-39tL,Campanulaceae,5115 Ilene Center,Innotype
F2D-245j,Liliaceae,542 Hanson Hill,Skaboo
E1v-39Kw,Primulaceae,0 Schurz Alley,Mynte
U0a-54ND,Plantaginaceae,07489 Portage Place,Wikizz
k6x-29tV,Scrophulariaceae,422 Goodland Avenue,Dynazzy
038-61U6,Grossulariaceae,710 Tony Plaza,Teklist
d0v-91iU,Asteraceae,5808 Gina Drive,Jaxbean
d4o-42cF,Crocyniaceae,57668 Moose Pass,Wikido
R4a-84oA,Thelotremataceae,38017 Marcy Crossing,BlogXS
n0R-486Q,Asteraceae,27 1st Pass,Brainlounge
v98-83TQ,Scrophulariaceae,85112 Cardinal Way,Zoombox
45D-94JN,Asteraceae,3 Bonner Crossing,Feedmix
A24-09Bp,Asteraceae,1 Fordem Drive,Katz
A05-47FW,Asteraceae,144 Debra Place,Miboo
h9f-13fQ,Brassicaceae,188 Blackbird Terrace,Tekfly
l8X-05ig,Boraginaceae,675 Orin Court,Oyonder
r4I-336c,Acarosporaceae,6 Mallory Center,Flashpoint
t2c-87SO,Fabaceae,2327 Cascade Way,Thoughtbeat
T1U-59vR,Dicksoniaceae,68 Swallow Way,Kwinu
i2M-10qL,Rosaceae,5821 Park Meadow Drive,Zoombeat
b17-17LY,Rosaceae,6 Warrior Way,Oodoo
f7d-72Le,Fabaceae,742 Oxford Point,Jabbersphere
V3t-23rt,Asteraceae,6 Pearson Street,BlogXS
i6v-25NP,Asteraceae,82374 Kedzie Point,Einti
R1t-59vH,Bryaceae,7 Roth Road,Janyx
281-55os,Rutaceae,142 Esker Place,Jabberstorm
b8T-97XG,Caryophyllaceae,123 Pankratz Alley,Yakijo
p55-51ke,Rosaceae,4282 Raven Way,Photospace
F9g-35lo,Oleaceae,4 Katie Court,Photospace
u9h-04yu,Amaranthaceae,8930 Hallows Junction,Topiczoom
g0H-59tE,Myrtaceae,82653 Kim Place,Zoombox
f1M-96nA,Cucurbitaceae,6 Independence Way,Thoughtbridge
63s-19yo,Scrophulariaceae,91796 Lakeland Parkway,Mudo
q0q-97rS,Cupressaceae,9322 Schmedeman Point,Buzzbean
W1g-44Qo,Oxalidaceae,219 Russell Street,Fatz
L4r-584H,Caryophyllaceae,07190 Kingsford Crossing,Twimbo
n7X-76Xi,Liliaceae,5814 Hoard Crossing,Zoovu
s6H-22dY,Hypnaceae,006 Lighthouse Bay Center,Eire
P9O-87M1,Saxifragaceae,200 Alpine Trail,Linkbridge
G34-90cw,Rosaceae,5460 Sullivan Lane,Twitterlist
X0k-03Vw,Juncaceae,15120 Hanover Alley,Wikivu
x1o-76hC,Myrtaceae,3052 American Circle,Eazzy
31D-17lS,Physciaceae,5360 Hanover Center,Shuffledrive
E3Q-98CT,Melastomataceae,0976 Doe Crossing Place,Ntags
w4J-60Yl,Empetraceae,021 Roth Avenue,Youspan
e8x-23w9,Caryophyllaceae,95 Kensington Pass,Edgeify
N9W-864V,Caprifoliaceae,95 East Avenue,Mydeo
30y-101n,Juncaceae,551 Main Drive,Gabtune
R2h-40jP,Grossulariaceae,0 Dakota Point,Wordtune
E4B-6793,Primulaceae,2 Cardinal Street,Tagpad
71t-57OD,Dicranaceae,7175 Merchant Junction,Buzzdog
b5d-02O5,Lecythidaceae,1298 Northland Center,Thoughtmix
i2d-09UB,Euphorbiaceae,451 Arrowood Center,Zoomzone
T4j-60Gb,Poaceae,31630 Petterle Road,Gigashots
q35-37h9,Polygonaceae,663 Oak Valley Court,Edgewire
008-87L2,Hydrophyllaceae,35 Mariners Cove Place,Gevee
k70-64UK,Asteraceae,27180 Sunnyside Circle,Mybuzz
G7G-77Mr,Rhizocarpaceae,4697 Anzinger Drive,Voolith
w4y-91LZ,Scrophulariaceae,7760 Chinook Hill,Twimbo
F8P-45UE,Oleaceae,6183 Towne Way,Mydo
A2P-75hY,Fabaceae,630 Caliangt Street,Tazzy
x4Z-75kh,Isoetaceae,8311 Dayton Place,Thoughtblab
m1i-588t,Liliaceae,9905 Roth Road,Trunyx
P4A-66Pn,Ranunculaceae,81528 Kings Circle,Twinte
k7N-10mR,Ranunculaceae,727 Green Park,Gabcube
A43-70k0,Asteraceae,506 Talmadge Alley,Quaxo
B0k-73aw,Fabaceae,472 Lake View Hill,Browseblab
v0l-04fL,Uncertain Ascomycota Family,11 Oneill Way,Blogtag
I4x-303h,Calymperaceae,33 Mitchell Alley,Mybuzz
Q1Z-997r,Fabaceae,04 Melby Parkway,Bluejam
X0w-21AI,Boraginaceae,78466 Longview Park,Realmix
R1A-65Iv,Brassicaceae,01 Charing Cross Road,Chatterpoint
u7w-51D6,Caryophyllaceae,717 Scoville Center,LiveZ
X1a-34AR,Malvaceae,847 Brown Crossing,Innotype
A5U-109W,Caprifoliaceae,022 Golf Circle,Kazio
I6T-87AR,Verrucariaceae,2 Mayer Parkway,Livetube
d2e-493a,Cactaceae,05 Kipling Trail,Brainlounge
K8X-72SI,Amaranthaceae,818 Memorial Pass,Devpoint
b4P-16nd,Fabaceae,33 Kings Point,Zoomcast
C5l-963K,Hymeneliaceae,48 Sutherland Park,Jabbertype
S0e-77NX,Asteraceae,8082 Little Fleur Center,Babbleset
C61-749c,Phlyctidaceae,92226 Loeprich Street,Topiczoom
C6c-976C,Apiaceae,31 Esker Avenue,Wikivu
w3A-85XF,Polemoniaceae,8 Kings Court,Devify
o34-52Ec,Malvaceae,321 Cottonwood Circle,Bluezoom
77Z-38OQ,Trapeliaceae,095 Hermina Circle,Geba
W0Q-439G,Apiaceae,1 Walton Junction,Feednation
U4h-93kA,Cladoniaceae,5 Melvin Pass,Feedmix
q7U-08DI,Asteraceae,793 Lerdahl Court,Avavee
K1C-55yN,Convolvulaceae,95592 Dorton Drive,Bluejam
R7d-584e,Asteraceae,2 Del Sol Park,LiveZ
N2g-497z,Aspleniaceae,7468 Muir Circle,Flipstorm
j3w-14ih,Dryopteridaceae,58 Coolidge Way,Demivee
Q96-13jV,Caryophyllaceae,780 Rusk Point,Dynazzy
q9l-085v,Fabaceae,9078 Glendale Point,Plajo
K57-48ZY,Myrtaceae,99176 Farragut Hill,Wikido
70r-11vQ,Passifloraceae,502 Shopko Parkway,Rhyloo
I0t-59Up,Cactaceae,4746 Eastwood Street,Realcube
V4w-20Wi,Scrophulariaceae,3 Arrowood Hill,Zoomcast
A0j-377H,Fabaceae,5489 Logan Center,Meevee
d4y-0362,Brassicaceae,97 Loomis Trail,Abata
w1n-44tA,Campanulaceae,39 Lotheville Drive,Gabvine
a2V-58kU,Cyperaceae,7435 Wayridge Plaza,Zoomzone
k1T-2443,Iridaceae,16254 Dahle Hill,Tavu
d46-36PD,Orchidaceae,6 Shoshone Avenue,Eadel
l99-07V2,Solanaceae,2211 Troy Court,Eare
t8A-08NE,Convolvulaceae,6838 2nd Street,Kazio
p5N-92MW,Plumbaginaceae,88 Packers Junction,Vinte
w5C-55AD,Pertusariaceae,3376 Raven Place,Gigashots
v6g-30Nj,Asteraceae,79 Lunder Alley,Aibox
252-932D,Asteraceae,7826 Bayside Pass,Voolia
92m-18fp,Rosaceae,5605 Twin Pines Crossing,Kazio
o0H-241u,Apiaceae,3 Mariners Cove Way,Camido
E4G-46Fp,Polygonaceae,860 Kings Street,Shuffletag
V6x-93JT,Poaceae,24949 Pine View Park,Aivee
F4G-54U2,Sphagnaceae,7 Almo Circle,Edgeblab
t71-25Tk,Fabaceae,565 Memorial Crossing,Thoughtbridge
F88-06n9,Tiliaceae,9 Morning Parkway,Thoughtstorm
v6X-97KY,Polygonaceae,27 Sunfield Hill,Bluejam
D9P-85EK,Parkeriaceae,24936 Menomonie Street,Eamia
u7r-09vu,Apiaceae,45998 Forster Court,Browsecat
76D-40JM,Crassulaceae,18 Warner Plaza,Realcube
M8B-75Hm,Asteraceae,17938 Shoshone Court,Quinu
w59-61vD,Asteraceae,27101 Delladonna Hill,Eamia
33D-75SD,Polygonaceae,7 Kensington Place,Quaxo
E4N-42sU,Aspleniaceae,802 Fieldstone Parkway,Yoveo
R8S-87rG,Cyperaceae,60452 Lake View Junction,Yombu
D7D-92aU,Poaceae,50 Mesta Way,Yotz
g0l-21fY,Fabaceae,0987 Morning Street,Jaxspan
z61-14vX,Fabaceae,32742 Birchwood Road,Linkbridge
y2b-15dA,Saxifragaceae,2201 Fairview Place,Omba
y5d-57LX,Lichinaceae,4 Ridgeview Lane,Midel
O19-51jH,Rubiaceae,17 Lakewood Gardens Hill,Skippad
c6m-22gU,Cyperaceae,39441 Vidon Trail,Blogspan
C0o-11Yq,Scrophulariaceae,22255 Bluejay Pass,Demivee
93W-07si,Scrophulariaceae,49 Miller Avenue,Tazz
Q8F-44t9,Portulacaceae,48 Eagan Crossing,Meeveo
y9t-63Zk,Polemoniaceae,54 Farragut Parkway,Tagcat
U5d-13sE,Geraniaceae,13807 Burrows Parkway,Shufflester
v63-51eP,Caryophyllaceae,392 2nd Terrace,Voonder
21b-10cH,Poaceae,193 Sycamore Lane,Jabbertype
d2d-15PX,Fabaceae,2399 Continental Street,Zooveo
R1Y-24jv,Nyctaginaceae,14356 Dryden Alley,Jabberstorm
872-43Ib,Orchidaceae,9 Forest Dale Park,Youbridge
x8C-00Xg,Orchidaceae,72760 Starling Drive,Realmix
N12-44Iw,Poaceae,387 Eliot Park,Realcube
M8n-111f,Valerianaceae,538 Cottonwood Hill,Fiveclub
q8N-03R4,Verbenaceae,451 Longview Crossing,Midel
x15-63Hn,Boraginaceae,85379 Nelson Drive,Yamia
W4G-859E,Cornaceae,6524 Elmside Terrace,Devify
97I-392k,Liliaceae,1227 Dayton Way,Fadeo
T2N-90lL,Rosaceae,7 Mccormick Place,Skimia
k2H-58PK,Orchidaceae,8102 5th Plaza,Fiveclub
n3W-2275,Asteraceae,62780 High Crossing Point,Wikizz
Q5f-87jy,Malvaceae,093 Shoshone Place,Eabox
E0d-95Z3,Liliaceae,79663 Sunnyside Trail,Dabjam
c7I-65P3,Lamiaceae,0300 Carpenter Street,Bluejam
h91-45QZ,Brassicaceae,0577 Golf View Alley,Flashdog
26Y-960C,Asteraceae,39317 Mallard Place,Kazu
g9M-27H1,Fontinalaceae,893 Grasskamp Place,Trilith
K0Q-62vu,Asteraceae,88310 Independence Crossing,Tazz
i9V-60rN,Mycocaliciaceae,8902 Grayhawk Hill,Twitternation
O2h-47FX,Boraginaceae,5187 Hauk Pass,Yabox
d9z-12tk,Poaceae,4354 Kipling Park,Pixope
h2h-26A1,Solanaceae,4168 Columbus Place,InnoZ
781-69TG,Convolvulaceae,9 Tomscot Circle,Kazio
C0I-84Ti,Cactaceae,597 Tennyson Circle,Topiczoom
j7j-76fe,Brassicaceae,7350 Moland Avenue,Meejo
Q33-63rv,Liliaceae,93247 Banding Point,Fanoodle
B64-37S2,Asteraceae,501 Merrick Junction,Gigashots
q6C-73N4,Ramalinaceae,397 Porter Parkway,Realpoint
f06-08Ir,Linaceae,053 Farmco Road,Teklist
X9U-586k,Bacidiaceae,95 Truax Alley,Jabbercube
Z3p-25zt,Asteraceae,98990 Farragut Parkway,Zazio
18w-08eF,Polemoniaceae,45250 Stang Point,Twitterwire
O5J-47sx,Araliaceae,61083 Upham Park,Babbleblab
38D-88cB,Rhizocarpaceae,178 Rieder Lane,Oyonder
C1E-49QE,Polemoniaceae,6 Hovde Crossing,Skajo
G4J-28dV,Cyperaceae,0 2nd Point,Bluezoom
l2a-02uz,Caryophyllaceae,9062 Summit Road,Youbridge
I1T-43oX,Rosaceae,27394 Clemons Parkway,Brainbox
U3f-3422,Brachytheciaceae,6165 Schurz Alley,Ainyx
z6T-97Ut,Rosaceae,0094 Del Sol Alley,Digitube
I5x-534m,Asteraceae,87 Hoepker Court,Quimba
v9x-32kQ,Asteraceae,88 Service Plaza,Voonte
l0j-23yy,Scrophulariaceae,889 Hallows Alley,Thoughtmix
P5J-19cZ,Euphorbiaceae,3354 Bartillon Junction,Innotype
H4H-54O3,Pinaceae,0 Northridge Terrace,Tazzy
P1v-43u4,Cactaceae,24044 Transport Avenue,Thoughtmix
m2O-50k8,Dioscoreaceae,7 Starling Pass,Plambee
U0j-067X,Fabaceae,8 Marquette Place,Quinu
r95-84AD,Brassicaceae,745 Kim Way,Blogtag
W9a-722G,Oxalidaceae,563 Summerview Center,Twitterlist
A8d-18qg,Rhamnaceae,35273 Westend Drive,Edgeify
U0i-99bT,Fabaceae,946 Pearson Avenue,Quamba
R31-80Kb,Cactaceae,8 Cordelia Hill,Meezzy
u45-84ZW,Asclepiadaceae,2 Kingsford Center,Vinder
O4n-82P2,Fabaceae,8365 Dovetail Terrace,Yacero
v6o-35iX,Cyperaceae,00 Heath Avenue,Twitternation
085-743i,Rosaceae,7 Steensland Trail,Mynte
i6s-29D1,Asteraceae,2 Amoth Junction,Mynte
z6B-769s,Rosaceae,8158 Fairfield Park,Mybuzz
07V-90HT,Asteraceae,7235 Armistice Park,Edgeclub
J4M-69v9,Asteraceae,27164 Dunning Pass,Voomm
y3E-08rK,Ranunculaceae,7344 6th Court,Skaboo
N9L-467g,Brassicaceae,34546 Farragut Circle,Camimbo
96k-03Uq,Poaceae,292 Johnson Hill,Eamia
Z2y-08ZT,Betulaceae,10 5th Road,Rhyzio
v0y-965S,Simaroubaceae,58 Starling Parkway,Bubblemix
H60-25mJ,Onagraceae,2159 Judy Lane,Gigaclub
W9f-49YA,Asteraceae,3 Pepper Wood Center,Twitterwire
G9u-25b4,Pertusariaceae,90 Cherokee Parkway,Thoughtstorm
C8x-07vW,Moraceae,218 Fairview Plaza,Quinu
A7A-23AD,Rosaceae,863 Maple Wood Road,Tambee
y81-89AX,Euphorbiaceae,38 Northland Alley,Bubblemix
12n-72Be,Scrophulariaceae,70066 Forster Junction,Blogtag
v3T-30lu,Pinaceae,3 Cottonwood Junction,InnoZ
A0t-52P5,Poaceae,95907 Muir Road,Skyba
H1I-63OY,Saxifragaceae,53 Mendota Court,Innotype
K4Y-13im,Scrophulariaceae,34 Mariners Cove Pass,Browsebug
V9U-31Zc,Rubiaceae,04510 Anhalt Park,Bubbletube
E9B-76CQ,Tiliaceae,94 Pepper Wood Drive,Ooba
o0d-83Fs,Fabaceae,27 Talmadge Hill,Abata
x7y-20Dj,Polygonaceae,11 Southridge Pass,Jayo
N7g-68ga,Rosaceae,6321 Thackeray Trail,Youfeed
y9R-40H6,Liliaceae,98877 Calypso Drive,Kwilith
M8m-17og,Gentianaceae,89 Banding Terrace,Jayo
g8N-42rM,Cucurbitaceae,387 Kensington Lane,Zoomzone
00k-11YC,Hydrophyllaceae,9 Esch Point,Jabbersphere
C12-52mb,Poaceae,11200 Harper Hill,JumpXS
S4k-48zt,Euphorbiaceae,1 Jana Court,Wikivu
T39-46DR,Juncaceae,13 Summit Circle,Tagcat
A94-130i,Fabaceae,07 Green Ridge Crossing,Rhynoodle
l1j-8254,Asteraceae,0130 Morning Plaza,Demivee
d3g-12do,Fabaceae,777 Kim Way,Yadel
d3t-88o0,Rhamnaceae,444 Merry Road,Flipopia
r2v-39s7,Euphorbiaceae,7158 Melby Point,Gigashots
n1N-18EO,Poaceae,62059 Nancy Circle,Topiczoom
x9b-92TU,Parmeliaceae,8 Heffernan Road,Mydeo
78F-23SO,Liliaceae,6 Vera Court,Dabtype
K4S-14gD,Fabaceae,572 Riverside Place,Eire
I85-06tn,Poaceae,4496 Anthes Lane,Thoughtstorm
e5r-62Vl,Asteraceae,45 Fallview Center,Twitterworks
03k-86Yp,Lecanoraceae,02 Esker Street,Kwinu
45A-25J3,Asteraceae,59 Summer Ridge Place,Topiczoom
p06-72aG,Rubiaceae,7 Hoffman Alley,Flipopia
Q9Q-87jB,Cladoniaceae,41664 Garrison Drive,Riffpath
V0B-27Tt,Ochnaceae,9 Village Court,Oloo
s6E-58SJ,Fabaceae,433 Darwin Drive,Latz
S8L-64ZC,Apiaceae,8 Dorton Center,Dabtype
32l-74iK,Asteraceae,07 Del Sol Trail,Skajo
I43-03ja,Poaceae,278 Monica Hill,Quinu
28v-82qN,Plumbaginaceae,20 Upham Trail,Livetube
Y5U-46Fu,Styracaceae,0 Nobel Center,Digitube
l27-49Xs,Ditrichaceae,08196 Anderson Street,Browsebug
G20-04Xa,Asclepiadaceae,74115 Garrison Lane,Teklist
C7Y-702i,Scrophulariaceae,761 Manitowish Parkway,Linkbridge
i8H-38IB,Fabaceae,9 Burning Wood Circle,Abata
O8J-07YI,Cactaceae,3518 Lukken Trail,Thoughtmix
z6N-90q0,Plantaginaceae,613 Lakewood Gardens Lane,Oba
h8e-42eM,Malvaceae,81 Melby Way,Kayveo
g6m-28EV,Ericaceae,60 Dwight Alley,Quimba
31R-42vr,Amblystegiaceae,4 Jackson Crossing,Divanoodle
P6E-60as,Psoraceae,16 Ohio Way,Fanoodle
X1Z-62Rh,Poaceae,36 Union Street,Linkbridge
N7g-060w,Leskeaceae,03 Algoma Crossing,Meevee
L0J-58HD,Asteraceae,8904 Division Hill,Ntags
Z3M-4004,Physciaceae,24 Merchant Street,Meedoo
B4b-23pc,Violaceae,113 Magdeline Plaza,Blogspan
t1J-22D5,Fabaceae,07 Lakewood Gardens Place,Brainbox
y4X-266K,Grammitidaceae,41 Farmco Road,Eazzy
m0f-62QK,Acanthaceae,71471 Gerald Court,LiveZ
o2N-23qp,Brassicaceae,8 Troy Point,Oyoloo
u64-57Ge,Boraginaceae,0 Garrison Plaza,Feednation
A1f-45bn,Fabaceae,11 Clove Street,Viva
I17-93L3,Dryopteridaceae,94 Kipling Center,Gigaclub
W4k-28uo,Isoetaceae,9 Monica Hill,Yodoo
o3L-512e,Myrsinaceae,63 Lawn Parkway,Zoomdog
F7h-48S1,Campanulaceae,38826 Old Gate Terrace,Lazz
u1D-14OJ,Cactaceae,44 Grasskamp Drive,Buzzster
t6F-365r,Fabaceae,94 Charing Cross Drive,Kayveo
u4g-72NR,Pteridaceae,777 East Alley,Tazzy
189-56PN,Lecanoraceae,0801 Havey Terrace,Rhynoodle
p5Y-87Du,Scrophulariaceae,8795 Arizona Place,Wikizz
G0S-61my,Ranunculaceae,597 Arrowood Pass,Feednation
j2Z-69fZ,Polemoniaceae,865 Oakridge Park,Twimm
N5I-82HV,Cladoniaceae,7433 Crowley Alley,Gigaclub
r5c-17o5,Fabaceae,06930 Anthes Lane,Yodel
f2L-2700,Scrophulariaceae,5 Kenwood Road,Babbleopia
I4b-62pm,Poaceae,38 Kipling Drive,Oyoloo
L9T-17Zy,Bacidiaceae,835 Sheridan Road,Oyoyo
V5s-748w,Portulacaceae,36 Eastlawn Junction,DabZ
81R-78dm,Pinaceae,17928 Rigney Drive,Flashpoint
Y6N-79b4,Saxifragaceae,575 Gale Court,Kimia
45W-53mR,Ulmaceae,0 Ridgeview Street,Tagopia
o73-624t,Amaranthaceae,57 Utah Avenue,Devpoint
H82-21Kh,Convolvulaceae,7758 Mockingbird Drive,Thoughtsphere
E2T-396e,Brassicaceae,9 Drewry Parkway,Leexo
x0K-58y9,Baeomycetaceae,573 Dapin Plaza,Kwinu
32a-85iV,Rosaceae,125 Orin Parkway,Oyonder
67P-66uF,Asteraceae,14187 Rowland Pass,Rhyzio
N6N-14Bm,Rubiaceae,7275 Clove Center,Wordware
g1R-85zZ,Flacourtiaceae,1716 Ridgeway Terrace,Leexo
38i-036r,Caprifoliaceae,4 Veith Terrace,Yambee
430-73VY,Dryopteridaceae,74290 Buhler Pass,Shuffletag
w6x-29Mz,Aquifoliaceae,15 Old Shore Hill,Dablist
92G-359K,Isoetaceae,779 Mendota Place,Thoughtblab
I9k-34yp,Scrophulariaceae,51 Miller Street,Photojam
n30-19cD,Convolvulaceae,58923 Commercial Drive,Miboo
R4g-82Fn,Ranunculaceae,25539 Magdeline Crossing,Rhynoodle
e7E-10gB,Liliaceae,146 Farwell Trail,Brainlounge
X0c-68sN,Fabaceae,22 Derek Point,Yacero
g0P-12WU,Liliaceae,17356 Scofield Road,Jazzy
U8P-40Bf,Rosaceae,132 Crownhardt Circle,Twitterworks
N9t-27FC,Parmeliaceae,14 Marcy Terrace,Zoomzone
V3k-64Gl,Gentianaceae,32 Tony Road,Edgeify
Z4n-82PY,Poaceae,37 Hovde Trail,Photofeed
L1F-291T,Thelotremataceae,2132 Nelson Street,Mynte
i1A-90OJ,Potamogetonaceae,208 Nevada Place,Mydeo
K1W-03Et,Rubiaceae,16232 Mariners Cove Hill,Yodoo
e9t-48fg,Poaceae,2 Mitchell Point,Wordpedia
z3T-176z,Scrophulariaceae,18 Wayridge Park,DabZ
z8R-60Aq,Gentianaceae,81074 Pankratz Avenue,Brainsphere
y8k-090s,Cladoniaceae,1 Hayes Lane,Oloo
M0e-08ML,Garryaceae,1377 Spaight Plaza,Riffwire
Z64-06w0,Caprifoliaceae,854 Wayridge Pass,Janyx
w9b-45Ox,Boraginaceae,6 Hayes Parkway,Geba
V52-17Kc,Lamiaceae,500 Fairfield Plaza,Mydo
c1r-93j7,Cannaceae,9 Logan Place,Fiveclub
d8b-077A,Lichinaceae,638 Sauthoff Plaza,Skibox
p7h-02SX,Poaceae,69139 Vernon Pass,Topiczoom
X73-56OV,Apiaceae,80 Mcbride Way,Rhynoodle
x03-189j,Lamiaceae,08250 Kings Parkway,Teklist
g50-37AZ,Cyperaceae,86080 Eggendart Park,Jatri
B4Z-16Up,Orchidaceae,3 Ludington Circle,Linkbuzz
w4q-57Xm,Fabaceae,77 Emmet Center,Shufflebeat
M7R-447h,Campanulaceae,63135 Graceland Terrace,Topiczoom
O4P-09fM,Fabaceae,1 Bunker Hill Center,Fadeo
93y-10KG,Atheliaceae,1 Knutson Center,Miboo
54Y-65Rk,Asteraceae,53299 Westend Crossing,Rhybox
F1m-052j,Porpidiaceae,1711 Melby Alley,Ooba
x6E-43VH,Asteraceae,8 1st Circle,Quimm
l2K-43HE,Pertusariaceae,4 Toban Point,Tanoodle
G4n-88T0,Lamiaceae,3740 Morningstar Pass,Flashdog
u17-79DV,Zingiberaceae,9 Hoard Place,Flipopia
V60-39S7,Amaranthaceae,59755 Michigan Alley,Livetube
m2u-56q7,Fabaceae,76 Weeping Birch Avenue,Browsebug
59R-96Xg,Apocynaceae,757 Dryden Crossing,Skimia
s9d-10yZ,Grimmiaceae,41 Kingsford Court,Oyoyo
q7j-604j,Solanaceae,3729 American Hill,Twiyo
R2s-975m,Celastraceae,9520 Kingsford Hill,Roomm
D3e-08R5,Pertusariaceae,94 Magdeline Crossing,Ooba
L4d-321Y,Neckeraceae,75047 Grasskamp Hill,Buzzster
N76-0382,Cucurbitaceae,688 Porter Junction,Buzzbean
s5k-47lY,Lycopodiaceae,077 Merchant Crossing,Bubblemix
674-70OK,Myrsinaceae,4221 Red Cloud Hill,BlogXS
o79-02Yz,Diapensiaceae,9 Autumn Leaf Plaza,Linkbuzz
x3C-71Na,Araceae,64881 Russell Road,Photofeed
67S-74lL,Asteraceae,369 Grasskamp Way,Dabfeed
52b-63FH,Euphorbiaceae,86032 Pankratz Hill,Realbuzz
03X-670d,Fabaceae,26145 Tennyson Alley,Izio
t9s-815G,Onagraceae,95 Knutson Point,Zoovu
x1K-93KI,Brassicaceae,5089 Colorado Point,Yombu
t16-06t0,Ranunculaceae,4 Novick Drive,Thoughtmix
L0t-415Y,Hydrophyllaceae,0 Kedzie Road,LiveZ
B2s-52u0,Anacardiaceae,950 Welch Hill,Linkbridge
99E-431S,Rosaceae,37 Heath Avenue,Voolith
967-30cK,Asteraceae,816 Upham Terrace,Youopia
i8z-81nY,Rosaceae,46 Blue Bill Park Center,Jabbercube
o3x-67Xs,Boraginaceae,89125 Scofield Drive,Quimm
S8l-15MX,Solanaceae,36 Chive Hill,Mybuzz
y1u-17wn,Rosaceae,4 Saint Paul Alley,Yombu
G1m-14eL,Fagaceae,5 Moulton Pass,Jabbertype
c1H-41Y6,Malpighiaceae,4 Fairview Parkway,Twitternation
49x-48is,Orchidaceae,91 Lyons Junction,Skimia
a04-16oi,Scrophulariaceae,9 Mariners Cove Point,Divanoodle
C2J-1503,Asteraceae,9480 Kenwood Junction,Zooxo
r8o-43az,Convolvulaceae,65069 Loftsgordon Plaza,Kare
Q2C-08cA,Fabaceae,369 Randy Center,Fatz
M9E-41GT,Gentianaceae,35 Armistice Plaza,Bubblebox
M1H-45mF,Rosaceae,56 Bultman Parkway,Gabtype
64T-77I5,Cyperaceae,498 1st Lane,Edgewire
T03-79KK,Brassicaceae,93650 Esch Parkway,BlogXS
x6B-143o,Chenopodiaceae,3 Moose Park,Trunyx
W2H-14dS,Asteraceae,6828 Shelley Pass,Kwinu
x78-18ct,Loasaceae,65734 Mayfield Court,Kwideo
v2j-25bC,Asteraceae,26 Forster Way,Realpoint
G27-64ld,Poaceae,3813 Elka Alley,Yadel
O7N-70M1,Callicostaceae,30 Warner Crossing,Edgepulse
q8p-97kb,Moringaceae,657 Golf Road,Tazz
Y92-45FM,Umbilicariaceae,84 Hollow Ridge Point,Zava
D5X-241Q,Hydrocharitaceae,4175 Hazelcrest Point,Photospace
M9w-44Bg,Asteraceae,44 Longview Circle,Yodo
X3T-33Ql,Cyperaceae,38183 Boyd Avenue,Brainverse
b3V-53dU,Zingiberaceae,1695 Dixon Point,Jayo
M8n-93pl,Asteraceae,0118 Kropf Trail,Twitterworks
Y8W-447z,Asteraceae,559 Glacier Hill Park,Ozu
D3B-46Is,Asteraceae,35 Sommers Lane,Yotz
x5g-97kh,Asteraceae,578 Grim Park,Edgewire
e2q-10Ge,Pinaceae,45 Dayton Lane,Layo
a9Q-48gH,Rosaceae,462 Montana Court,Demivee
K2Q-31MW,Grossulariaceae,8 Sugar Lane,Oodoo
l5z-89SW,Catillariaceae,572 Anhalt Alley,Flashspan
96X-35Tj,Asteraceae,0 Towne Street,Dynazzy
e7W-48jG,Asteraceae,6 Village Way,Twitternation
H9I-15u5,Neckeraceae,97 Jackson Way,Ooba
G8X-51fA,Onagraceae,9 Montana Parkway,DabZ
816-735c,Icacinaceae,3061 Prentice Hill,Cogibox
v5O-50uQ,Apiaceae,57514 Bunker Hill Alley,Shuffletag
T6P-14TU,Polygonaceae,61 Merchant Plaza,Tambee
k1Y-53SM,Lecideaceae,3901 Bay Plaza,Fliptune
q9I-51o1,Saxifragaceae,970 Eastwood Road,Thoughtblab
k3Z-465Z,Asteraceae,8 Roth Way,Twitterwire
W69-30LH,Cactaceae,601 Hazelcrest Alley,Photobug
R5i-20ma,Cyperaceae,5 Moland Terrace,Katz
q6r-44nF,Campanulaceae,3 Londonderry Point,Photobean
y6A-43Ua,Rosaceae,1 Goodland Parkway,Abata
R4t-67js,Rosaceae,14 Bellgrove Park,Devcast
71r-76ye,Moraceae,660 Kensington Avenue,Brainlounge
c46-36Fn,Asteraceae,9024 Texas Hill,Jabbertype
s5M-69S9,Asteraceae,8706 Haas Center,Zoozzy
q7K-26dh,Boraginaceae,99 Carberry Trail,JumpXS
g9J-45Ej,Poaceae,4 Mendota Road,Gabspot
E1X-970x,Polemoniaceae,05227 Bunker Hill Hill,Rhybox
k3x-84wJ,Scrophulariaceae,91563 Parkside Way,Centidel
104-93xr,Rosaceae,66168 Shasta Crossing,Jayo
G6f-87jV,Anacardiaceae,973 Almo Road,Livepath
J5O-77ue,Betulaceae,57 American Avenue,Rhyzio
37b-30iG,Brassicaceae,17576 Elmside Way,Jaxnation
v6c-40O3,Scrophulariaceae,43 Stephen Road,Fanoodle
E3n-70ET,Lamiaceae,338 Graceland Parkway,Kaymbo
z5K-71lJ,Pyrenulaceae,800 Acker Alley,Pixope
j27-60Tb,Poaceae,26 Bluestem Lane,Mynte
m29-95P7,Asteraceae,236 Continental Terrace,Lazzy
n88-77Cp,Asteraceae,935 Hanson Court,Trunyx
i91-44gQ,Nyctaginaceae,06 Meadow Vale Trail,Yodel
G2Y-685J,Celastraceae,2 5th Plaza,Photobug
Z3L-30Q9,Gomphillaceae,35 Crescent Oaks Drive,Twitterbridge
y1M-81lL,Ranunculaceae,70 Starling Hill,Blogtag
u3F-90nF,Zosteraceae,281 Grasskamp Point,Dabvine
Z1i-367L,Ranunculaceae,5133 Duke Way,Kazio
F98-905B,Fabaceae,14 Sauthoff Hill,Oyonder
B3E-35mi,Polytrichaceae,0 Red Cloud Avenue,Yodoo
o7M-81p3,Rosaceae,32 Bellgrove Park,Twinte
12a-04Qg,Asteraceae,94 Dapin Road,Centizu
S0k-57TO,Asclepiadaceae,13 Monterey Point,Brainlounge
I1e-50vg,Fabaceae,9 Kingsford Plaza,Meezzy
s2y-89X9,Asteraceae,9 Emmet Park,Edgetag
706-89CY,Asteraceae,9909 Mosinee Drive,Quimm
e1L-16Rr,Rubiaceae,203 Lyons Drive,Tekfly
k9Q-029U,Teloschistaceae,73167 Nelson Plaza,Quinu
C3b-15it,Aristolochiaceae,5862 Hollow Ridge Court,Yakidoo
f10-45S5,Myrtaceae,411 Anniversary Avenue,InnoZ
618-93Ln,Caryophyllaceae,240 Kedzie Lane,Tagchat
j69-91Er,Sphagnaceae,7 Burrows Terrace,Jaxbean
m8m-734o,Fabaceae,9552 Magdeline Trail,Mynte
94O-518M,Placynthiaceae,8 Arizona Court,Quatz
32j-05lz,Apiaceae,3 Johnson Street,Shuffletag
M7b-32Ao,Fumariaceae,560 Hovde Trail,Rhynoodle
R0z-163n,Pyrenotrichaceae,2262 Lerdahl Park,Myworks
j0O-93E0,Cyperaceae,818 Basil Avenue,Quinu
j6F-93Gb,Orchidaceae,3 Oneill Place,Photospace
p4C-57Mi,Fabaceae,85119 Huxley Place,Realfire
h6x-08St,Crassulaceae,48320 Ridgeview Pass,Yodo
d72-07pU,Arecaceae,6084 Vernon Center,Kayveo
o45-13M8,Fuscideaceae,873 Muir Park,Yakijo
U5k-84MD,Geraniaceae,4525 Ruskin Court,Fatz
c8x-70yR,Asteraceae,930 Westridge Terrace,Topiczoom
45H-03Bp,Mniaceae,7879 Knutson Hill,Fiveclub
p2U-50AQ,Apiaceae,75939 Doe Crossing Pass,Tazzy
H3j-46Ot,Thelotremataceae,7 Warner Pass,Agivu
A7y-81WR,Buddlejaceae,54 Welch Way,Youtags
M5s-18wB,Hypnaceae,0 Hanover Junction,Realblab
W9n-70FT,Resedaceae,39 Caliangt Alley,Meezzy
A4x-03JG,Fabaceae,0782 Montana Park,Yakidoo
23e-96M1,Orchidaceae,6 Green Avenue,Buzzster
438-38yC,Viscaceae,375 Eastwood Road,Dynava
r8U-88tS,Asteraceae,482 Grim Junction,Photojam
o0S-37M2,Asteraceae,24 Maple Court,Gigaclub
B48-48qR,Caryophyllaceae,491 Forest Dale Alley,Dabtype
X3Y-82Iw,Poaceae,661 Shasta Pass,Thoughtmix
A5l-977T,Polemoniaceae,81389 Utah Street,Brainlounge
F9Q-51N5,Aizoaceae,5347 Pearson Terrace,Ntags
W84-56Ni,Fabaceae,4 Maryland Point,Zoomlounge
o88-25SA,Blechnaceae,334 Macpherson Crossing,Geba
t41-7783,Potamogetonaceae,94939 Schmedeman Parkway,Centidel
k0E-49xL,Apiaceae,5065 Dovetail Way,Kwinu
F2Y-67FK,Cyperaceae,98 Sachtjen Avenue,Voolith
Q8T-40Ba,Asteraceae,59 Kropf Court,Jayo
K2j-794X,Caryophyllaceae,833 Pleasure Lane,Zoomcast
V42-85PE,Caryophyllaceae,0 Laurel Alley,Browsedrive
W9V-92H5,Solanaceae,8 Spaight Lane,Twitterwire
O1N-27mi,Poaceae,36 Colorado Park,Trilia
f3W-75Fi,Fabaceae,7386 Hooker Park,Realmix
A9R-11VD,Urticaceae,64361 Boyd Court,Snaptags
02U-768K,Anthocerotaceae,14525 Corry Plaza,Zoomcast
18Y-37LT,Nyctaginaceae,94 Manitowish Crossing,Rhynyx
M9f-34ue,Apocynaceae,2595 Fairview Avenue,Vipe
83K-14ne,Malvaceae,62 Boyd Lane,Blogtag
n5m-790A,Asteraceae,1324 Tennyson Center,Rhynyx
03V-49YF,Fabaceae,623 Granby Avenue,DabZ
37k-156N,Funariaceae,88 Mayfield Trail,Realbridge
s9x-58b8,Urticaceae,5 Kings Crossing,Tanoodle
812-57p7,Campanulaceae,6989 Canary Junction,Mita
p1J-22Aa,Brassicaceae,9604 Sugar Drive,Voomm
w4a-532R,Scrophulariaceae,2 Esch Court,Youbridge
D6H-27RW,Asteraceae,9 3rd Plaza,Jazzy
T78-500u,Fabaceae,5 Monument Hill,Quimba
88q-82fE,Chenopodiaceae,6 Boyd Place,Realpoint
G7a-09sm,Rhamnaceae,877 Hooker Point,Brainsphere
F8V-67FF,Hypnaceae,73 Maryland Point,Quimba
g3x-75s8,Fabaceae,35062 Maywood Hill,Fivebridge
20k-1443,Pinaceae,696 Warrior Court,Quatz
x85-93hx,Poaceae,08428 Glendale Center,Devbug
h0U-51It,Asteraceae,0 Porter Alley,Twinder
r5G-19Cl,Asteraceae,45 Summerview Way,Youspan
B7S-87sg,Asteraceae,75 Village Green Way,Twinte
m3s-53re,Polygonaceae,2834 Algoma Trail,Oozz
v6u-88UY,Boraginaceae,7405 Huxley Parkway,Linkbridge
r5Y-06DK,Polemoniaceae,1528 Forest Trail,Youbridge
W92-09p6,Pertusariaceae,7451 Ludington Court,Skiptube
F9e-07Gq,Asteraceae,18 Karstens Junction,JumpXS
n7l-07sc,Asteraceae,841 Forest Terrace,Flashdog
Y5R-59iG,Rhamnaceae,38221 Ilene Court,Aimbu
g6I-570l,Grimmiaceae,52085 Reindahl Hill,Riffpath
x0l-77Lq,Asteraceae,41 Menomonie Way,Thoughtmix
h8k-20jt,Lamiaceae,75 Laurel Pass,Centizu
E2n-21gR,Crassulaceae,78 Vidon Street,Photobug
K2A-43UW,Apiaceae,925 Shasta Plaza,Linkbridge
R8X-10G0,Amblystegiaceae,477 Packers Hill,Bluejam
139-72Cc,Fumariaceae,97350 5th Circle,DabZ
M7Q-47Pd,Asteraceae,7 Redwing Point,Innotype
H6E-92eo,Asteraceae,6 Sauthoff Point,Shufflester
84b-37Lu,Fabaceae,68 Talmadge Drive,Jayo
e3F-42Y9,Polygonaceae,93 Green Ridge Drive,Oodoo
S23-66Qy,Fabaceae,10 Katie Drive,Dynazzy
q1w-22Cc,Scrophulariaceae,23 Kenwood Way,Wordware
U6g-16Zc,Aceraceae,1 Barby Trail,Mybuzz
J8x-82L3,Brassicaceae,2248 Prentice Circle,Trilia
30Y-96vb,Orchidaceae,6 Northland Hill,Jabberstorm
R5t-10In,Moraceae,893 Dixon Lane,Meeveo
56P-55Fw,Primulaceae,7229 Autumn Leaf Center,Devcast
z6v-24JF,Polygonaceae,91 Village Green Avenue,Pixonyx
v8P-16Pn,Asteraceae,148 Welch Lane,Zooveo
48V-65Y5,Stereocaulaceae,462 Jana Pass,Rhynoodle
j7S-97Iq,Araceae,0732 Towne Pass,Aibox
068-84hi,Malvaceae,8 Karstens Circle,Viva
x14-03Qy,Hydrophyllaceae,68 Drewry Crossing,Edgewire
N1j-43qr,Asteraceae,8847 Eggendart Court,Jatri
91F-15xr,Cyperaceae,953 Sherman Park,Twitternation
b1E-63yL,Lobariaceae,2 Helena Point,Twiyo
A8j-43YF,Primulaceae,79633 John Wall Center,Devpoint
G9n-62GQ,Rosaceae,85 Algoma Way,Edgeclub
B2v-36gy,Asteraceae,3 Service Drive,Twimbo
Y3b-51kl,Asteraceae,70015 Independence Circle,Brightbean
P91-22D2,Linaceae,7228 Knutson Crossing,Thoughtworks
S83-14yQ,Poaceae,5 Grover Terrace,Gabvine
l0k-565E,Collemataceae,0 Monument Lane,Voolith
g9v-28Rf,Lamiaceae,9 Gerald Street,Photojam
g5T-69Nv,Rutaceae,64527 Hoepker Alley,Brightdog
h7Z-58Gc,Caryophyllaceae,04 Namekagon Court,Brainverse
z5h-60Gs,Rosaceae,1 Melvin Drive,InnoZ
c4f-04g6,Cyperaceae,8408 Drewry Point,DabZ
B6y-95Y8,Anacardiaceae,005 Lakewood Gardens Avenue,Youfeed
092-86vN,Polygonaceae,02 Barby Plaza,Fiveclub
B9j-65ly,Scrophulariaceae,631 Holy Cross Terrace,Kazu
V4h-11u6,Cyperaceae,09733 Lakewood Gardens Crossing,Babbleset
l5Z-358r,Juncaceae,64746 Talisman Street,Realbuzz
h4e-2642,Scrophulariaceae,5 Service Lane,Aibox
a8J-95lL,Cyperaceae,52798 Village Center,Podcat
y6Y-86v4,Asteraceae,70 Thierer Court,Rhybox
89S-95Xz,Asteraceae,14114 Basil Avenue,Oloo
j6T-17lS,Acarosporaceae,263 Lindbergh Place,Brainbox
W7M-55BZ,Melastomataceae,0506 Graedel Way,Mynte
W9A-55lM,Fabaceae,7 Hanson Center,Linkbuzz
S1d-1635,Brassicaceae,0 Fair Oaks Center,Zoombeat
t0w-98WE,Rosaceae,9633 Huxley Hill,Fliptune
n7c-80Xs,Euphorbiaceae,1347 Boyd Alley,Quimm
