Company_Name,Emp_Id,Email_ID,First_Name,Last_Name,Dept_Name
Browsecat,cSl-05,nlongfoot0@fastcompany.com,Nannie,Longfoot,Marketing
Youopia,Kmz-46,ckenright1@wsj.com,Calli,Kenright,Human Resources
Podcat,KIy-42,cclearley2@cmu.edu,Cristy,Clearley,Marketing
Trilia,Uza-51,hclayborn3@mtv.com,Hilde,Clayborn,Training
Zoomcast,CbN-91,leilhermann4@pinterest.com,Loralyn,Eilhermann,Human Resources
Skippad,52t-84,rkane5@geocities.jp,Ramonda,Kane,Human Resources
Thoughtworks,NNF-21,mhall6@4shared.com,Malorie,Hall,Human Resources
Twimbo,7ry-72,lsayce7@earthlink.net,Lynnelle,Sayce,Human Resources
Quamba,lBX-00,kgobat8@gizmodo.com,Kary,Gobat,Services
Dablist,gEI-80,astolli9@blogtalkradio.com,Alida,Stolli,Services
Edgeify,vhz-19,jmelladewa@ftc.gov,Joleen,Melladew,Legal
Mydo,0om-21,anetleyb@whitehouse.gov,Adella,Netley,Human Resources
Kazio,P0v-97,rsilberschatzc@artisteer.com,Renee,Silberschatz,Training
Yodel,41P-97,mcuncliffed@chicagotribune.com,Mirella,Cuncliffe,Engineering
Yombu,bVR-00,ffosbraeye@blogger.com,Frannie,Fosbraey,Research and Development
Zava,9kZ-02,jvanbruggenf@google.co.uk,Jacinthe,Van Bruggen,Business Development
Fanoodle,enS-22,gmalliag@amazon.co.uk,Guinna,Mallia,Accounting
Linkbridge,3Oz-70,iurwenh@elpais.com,Izabel,Urwen,Support
Centimia,4bI-81,slotsi@google.com.au,Sophey,Lots,Research and Development
Oozz,Xou-34,jgerrietj@oakley.com,Jacki,Gerriet,Product Management
Mita,olP-63,claverenzk@bloomberg.com,Cathyleen,Laverenz,Engineering
Mynte,epR-98,bwillougheyl@spotify.com,Bonny,Willoughey,Research and Development
Rhybox,8Up-11,vthorogoodm@blinklist.com,Valencia,Thorogood,Marketing
Bubblemix,0vs-05,mowensn@answers.com,Maggy,Owens,Business Development
Dabjam,oNr-62,lrizzielloo@jugem.jp,Lavinia,Rizziello,Legal
Quatz,MuA-36,odenverp@statcounter.com,Oliy,Denver,Training
Yotz,TMQ-02,amcpartlinq@angelfire.com,Anjanette,McPartlin,Accounting
Zooveo,fNr-79,agrimbler@storify.com,Athena,Grimble,Accounting
Edgeify,Xhn-98,mleveringtons@bbb.org,Marthena,Leverington,Human Resources
Brainbox,dZ7-94,gcaccavellat@epa.gov,Georgine,Caccavella,Engineering
Meevee,ODy-99,dmyrieu@goodreads.com,Darell,Myrie,Services
Vinte,RHP-38,mbehlingv@about.com,Martica,Behling,Marketing
Thoughtbeat,O0t-31,cbrewsterw@arizona.edu,Chrysa,Brewster,Research and Development
Centidel,oW9-61,krossox@walmart.com,Katleen,Rosso,Product Management
Brainlounge,GWd-40,egarriocky@telegraph.co.uk,Emlynne,Garriock,Business Development
Rhyzio,k9O-32,lmilberryz@seattletimes.com,Lorette,Milberry,Legal
Devpulse,gQH-33,rgregolotti10@imdb.com,Rafa,Gregolotti,Legal
Dabfeed,YJm-85,lmacgillreich11@nifty.com,Lanny,MacGillreich,Support
Tagopia,X5H-63,lfidian12@ed.gov,Lesya,Fidian,Human Resources
Thoughtmix,K0y-55,apretor13@slate.com,Ardis,Pretor,Support
Omba,ojO-96,jshorter14@washington.edu,Julianna,Shorter,Research and Development
Yakijo,5UV-05,gharfoot15@naver.com,Glen,Harfoot,Research and Development
Photobug,bnZ-81,cmenico16@tamu.edu,Carissa,Menico,Engineering
Tazz,9xY-77,mplewright17@pinterest.com,Meara,Plewright,Training
Thoughtmix,sXm-00,cantonucci18@mysql.com,Carrie,Antonucci,Engineering
Jabbersphere,Y64-66,gcabel19@google.cn,Giulia,Cabel,Engineering
Shuffledrive,wtN-46,dkorneev1a@ehow.com,Dianna,Korneev,Business Development
Browsezoom,BE3-77,cmulderrig1b@mediafire.com,Carrie,Mulderrig,Support
Zoomlounge,DFX-23,dingray1c@miitbeian.gov.cn,Dionne,Ingray,Support
Eamia,UBZ-88,mtrude1d@lycos.com,Madalena,Trude,Legal
Thoughtbeat,ZVR-31,cenrich1e@hugedomains.com,Carlita,Enrich,Services
Edgeclub,qyJ-35,mpaladino1f@nationalgeographic.com,Marcellina,Paladino,Business Development
Quimm,lpx-00,xspawforth1g@un.org,Xylia,Spawforth,Sales
Eayo,Fbb-24,ndouch1h@techcrunch.com,Nomi,Douch,Human Resources
Plajo,56c-11,ehanley1i@desdev.cn,Ezmeralda,Hanley,Business Development
Tavu,o5Z-23,cszepe1j@narod.ru,Caro,Szepe,Business Development
Youbridge,WeP-09,bmainz1k@ocn.ne.jp,Bride,Mainz,Business Development
Dabtype,Jza-28,cnield1l@hostgator.com,Charline,Nield,Services
Yabox,mKu-97,logle1m@seattletimes.com,Luella,Ogle,Engineering
Feedmix,2pv-90,bgrace1n@hibu.com,Bernardine,Grace,Support
Twimbo,1EM-93,balcide1o@chronoengine.com,Bianka,Alcide,Sales
Gigabox,gHv-76,mgentry1p@ca.gov,Mari,Gentry,Engineering
Lajo,Tzg-07,tsheal1q@taobao.com,Tedra,Sheal,Product Management
Mybuzz,4PO-86,bpittock1r@patch.com,Brana,Pittock,Human Resources
Twitterlist,PxY-30,nneild1s@wisc.edu,Natalina,Neild,Sales
Blognation,UlH-24,aaldins1t@jugem.jp,Annabela,Aldins,Legal
Gigazoom,CI1-68,xdrysdale1u@scribd.com,Xaviera,Drysdale,Engineering
Fliptune,MYt-29,gkattenhorn1v@ucsd.edu,Gabriell,Kattenhorn,Business Development
Midel,1DT-90,vsperring1w@marketwatch.com,Valeria,Sperring,Services
Edgepulse,zH4-49,ameysham1x@fda.gov,Allyn,Meysham,Engineering
Eidel,FfI-43,knerger1y@archive.org,Kimberly,Nerger,Training
Mydeo,WPi-40,mheinel1z@booking.com,Mia,Heinel,Product Management
Innotype,ewE-20,ggreveson20@theguardian.com,Georgeta,Greveson,Human Resources
Skinix,YjA-52,epoolman21@accuweather.com,Emlynne,Poolman,Accounting
Meevee,Zw6-25,egoaks22@nationalgeographic.com,Emalia,Goaks,Research and Development
Dynava,DxJ-39,cdengate23@ask.com,Colleen,Dengate,Business Development
Zoomzone,9QC-61,rfantonetti24@skype.com,Randie,Fantonetti,Business Development
Pixonyx,jDW-01,mluciani25@lycos.com,Maryrose,Luciani,Business Development
Twitterlist,sDT-16,mfindlater26@bigcartel.com,Mureil,Findlater,Legal
Voolith,Qhs-31,astollenbecker27@csmonitor.com,Aeriel,Stollenbecker,Accounting
Dynabox,cNH-41,aconeau28@wired.com,Anastasia,Coneau,Support
Cogidoo,aej-36,jroony29@google.de,Jillana,Roony,Support
Devpoint,Xh3-47,lcrowter2a@arizona.edu,Lottie,Crowter,Support
Ntags,AYW-34,glummus2b@dropbox.com,Gilberte,Lummus,Training
Skippad,8yn-83,gfolley2c@csmonitor.com,Glennie,Folley,Human Resources
Yacero,zKi-42,mmoorhead2d@shinystat.com,Mirabelle,Moorhead,Product Management
Linkbuzz,Xhw-77,gfranklin2e@wordpress.org,Georgeanna,Franklin,Research and Development
Edgewire,3D3-73,agoacher2f@behance.net,Alene,Goacher,Business Development
Teklist,0c4-97,dromain2g@boston.com,Donnie,Romain,Sales
Janyx,kcZ-91,ctomaini2h@slate.com,Candida,Tomaini,Accounting
Eadel,gA2-44,wmerrilees2i@fastcompany.com,Winnie,Merrilees,Services
Avavee,sQe-12,vpentecost2j@barnesandnoble.com,Vannie,Pentecost,Services
Blogspan,SV2-53,mheinsh2k@unblog.fr,Maxy,Heinsh,Legal
Mita,63O-68,lmccleverty2l@utexas.edu,Laurena,McCleverty,Marketing
Meetz,aeN-36,kgregoraci2m@chicagotribune.com,Karna,Gregoraci,Accounting
Skyvu,Hbj-61,cabadam2n@bloomberg.com,Cordelia,Abadam,Training
Feedbug,ntH-93,adelabarre2o@nationalgeographic.com,Adey,De la Barre,Research and Development
Agimba,EzM-77,njovovic2p@unesco.org,Nicol,Jovovic,Services
Minyx,MrY-41,mbibey2q@theglobeandmail.com,Marley,Bibey,Engineering
Geba,SPW-61,flamyman2r@usa.gov,Fionnula,Lamyman,Product Management
Roomm,JoV-04,bchesswas2s@simplemachines.org,Bobbette,Chesswas,Legal
Skyble,Oa6-30,ccookley2t@pen.io,Cleo,Cookley,Engineering
Livepath,vG2-03,ldayborne2u@nsw.gov.au,Leia,Dayborne,Marketing
Oloo,S5Y-76,fmedland2v@posterous.com,Fred,Medland,Research and Development
Jetpulse,Nw7-92,asnalum2w@unesco.org,Allegra,Snalum,Legal
Edgepulse,dzB-37,iwomersley2x@addtoany.com,Isabel,Womersley,Business Development
Blogspan,obK-12,mbrewood2y@google.es,Malorie,Brewood,Product Management
Shuffledrive,wB2-52,ehelin2z@dyndns.org,Elane,Helin,Support
Twimbo,QNr-91,emelross30@dyndns.org,Eleanore,Melross,Training
Voomm,iGW-00,fgildersleeve31@hatena.ne.jp,Francesca,Gildersleeve,Research and Development
Trilia,v8R-67,ademichele32@webs.com,Aloisia,De Michele,Engineering
Dazzlesphere,ZO8-02,mheasley33@1und1.de,Mari,Heasley,Accounting
Eadel,MSo-87,dbatie34@hugedomains.com,Darlleen,Batie,Services
Tambee,DyL-13,sesslement35@businessinsider.com,Sibilla,Esslement,Product Management
Digitube,efj-30,mcorcut36@feedburner.com,Meade,Corcut,Human Resources
Zoombox,Fkw-80,rdalmeida37@edublogs.org,Rosabelle,D'Almeida,Support
Demivee,5Dw-74,svizard38@newsvine.com,Siana,Vizard,Engineering
Yakitri,XRN-98,ipauletto39@php.net,Isis,Pauletto,Business Development
Yotz,IMw-64,gwing3a@liveinternet.ru,Gwyn,Wing,Engineering
Vipe,OAA-90,kgorstidge3b@dot.gov,Ki,Gorstidge,Research and Development
Nlounge,v5S-08,nwillerton3c@comcast.net,Nessa,Willerton,Business Development
Wikivu,jIF-06,talman3d@chronoengine.com,Tiphanie,Alman,Engineering
Innojam,Nxw-77,twetherell3e@google.co.uk,Tiena,Wetherell,Research and Development
Yambee,EOj-60,psparshett3f@wordpress.org,Pamella,Sparshett,Sales
Quinu,qum-00,fisenor3g@nhs.uk,Fayth,Isenor,Marketing
Wordpedia,cAR-02,nmcerlaine3h@google.fr,Nonnah,McErlaine,Training
Twimm,Joy-09,divan3i@ed.gov,Dorolice,Ivan,Human Resources
Thoughtworks,Hus-86,aboulde3j@ft.com,Ardyth,Boulde,Sales
Oyoba,aLR-89,esandwich3k@plala.or.jp,Esta,Sandwich,Marketing
Tavu,YqY-39,lcarswell3l@joomla.org,Lynna,Carswell,Support
Avamba,tUH-02,ccalterone3m@oaic.gov.au,Cherish,Calterone,Product Management
Vipe,nyf-65,cverring3n@jiathis.com,Crissie,Verring,Business Development
Edgepulse,5lf-64,qcrumbie3o@smh.com.au,Quintana,Crumbie,Marketing
Photojam,A7l-91,cguiton3p@webeden.co.uk,Cortney,Guiton,Legal
Zoozzy,2FO-18,hriding3q@mozilla.org,Hermione,Riding,Research and Development
Thoughtblab,h4x-39,zguslon3r@lycos.com,Zorana,Guslon,Sales
Flipstorm,snf-81,acastellone3s@fastcompany.com,Adora,Castellone,Human Resources
Edgeclub,jGq-31,vtucker3t@discuz.net,Vicky,Tucker,Human Resources
Skinix,5Wx-06,ybrafferton3u@blog.com,Yolanda,Brafferton,Sales
Kazio,lBT-18,aciottoi3v@lulu.com,Agnese,Ciottoi,Support
Centimia,Sel-75,kmoney3w@hc360.com,Kassi,Money,Services
Jaxworks,uxC-70,mgaukrodge3x@cloudflare.com,Marlo,Gaukrodge,Training
Linkbuzz,dNS-27,ehuckster3y@ucoz.com,Ellette,Huckster,Research and Development
Kazio,PpB-66,rmudd3z@xrea.com,Ronalda,Mudd,Research and Development
Wordware,h5O-15,nrearie40@youku.com,Niki,Rearie,Legal
Zoomzone,Ecu-92,lcornillot41@surveymonkey.com,Letty,Cornillot,Product Management
Janyx,REX-87,dallnutt42@theguardian.com,Dynah,Allnutt,Sales
LiveZ,O3N-30,nnewport43@wired.com,Noel,Newport,Product Management
Talane,UWi-81,smcilmurray44@domainmarket.com,Sophia,McIlmurray,Training
Flipstorm,1OH-23,rmedwell45@google.fr,Reina,Medwell,Services
Plambee,ASr-85,sbuggs46@cpanel.net,Shelley,Buggs,Accounting
Realpoint,IzG-47,zsummers47@mapy.cz,Zilvia,Summers,Services
Shuffletag,rHT-55,lwynrahame48@icq.com,Lucie,Wynrahame,Human Resources
Teklist,M7s-86,ecockshtt49@unesco.org,Eadie,Cockshtt,Legal
Mydo,vI2-09,dpilfold4a@webs.com,Dorothea,Pilfold,Engineering
Eabox,Z4T-34,kbidgood4b@examiner.com,Kittie,Bidgood,Engineering
Youbridge,ND2-19,csnyder4c@toplist.cz,Camille,Snyder,Human Resources
Fatz,Qf3-98,dfrossell4d@issuu.com,Doralin,Frossell,Engineering
Kwilith,EZH-67,bmessager4e@nbcnews.com,Birdie,Messager,Services
Brainverse,Aa4-97,atonbye4f@prlog.org,Angelina,Tonbye,Training
Tagtune,5tr-22,tpaddy4g@cdbaby.com,Teresita,Paddy,Sales
Feednation,NHc-19,cottee4h@google.fr,Cherida,Ottee,Accounting
Lazz,BWt-41,jkewish4i@fc2.com,Joelle,Kewish,Services
Flashset,Jy1-69,fmortell4j@washington.edu,Farrand,Mortell,Research and Development
BlogXS,iNW-26,eschohier4k@bbc.co.uk,Ermengarde,Schohier,Training
Tazzy,hXR-08,cgilluley4l@blogger.com,Carine,Gilluley,Services
Jazzy,oWD-76,vacheson4m@newsvine.com,Veronike,Acheson,Services
Rhybox,uDu-42,gdensumbe4n@phpbb.com,Genny,Densumbe,Business Development
Thoughtbridge,KNf-87,zbosward4o@house.gov,Zelma,Bosward,Accounting
Innojam,k8L-25,emacronald4p@sitemeter.com,Edin,MacRonald,Business Development
Vinder,ziT-12,gcankett4q@un.org,Gennie,Cankett,Research and Development
Zoomdog,umF-83,mritter4r@shop-pro.jp,Mariel,Ritter,Marketing
Jazzy,SXd-14,rodde4s@blog.com,Ruby,Odde,Research and Development
BlogXS,Lxv-99,dbeckenham4t@zimbio.com,Donia,Beckenham,Training
Leexo,gCv-22,abatha4u@stumbleupon.com,Arabela,Batha,Support
Quimba,ttT-03,ihegdonne4v@google.com.hk,Ilise,Hegdonne,Engineering
Yakidoo,Bsl-02,kcroucher4w@oaic.gov.au,Konstance,Croucher,Support
Topiclounge,OSj-42,cfowles4x@istockphoto.com,Cordie,Fowles,Human Resources
Zoombeat,SrF-74,rgrigor4y@jigsy.com,Raynell,Grigor,Engineering
Thoughtmix,sv6-25,lbeckingham4z@wikispaces.com,Lorna,Beckingham,Engineering
Rhynyx,fTR-95,rtiltman50@gravatar.com,Raphaela,Tiltman,Marketing
Yoveo,Jv9-85,leyer51@google.ru,Linn,Eyer,Services
Myworks,QkS-97,vvinden52@va.gov,Vernice,Vinden,Accounting
Thoughtsphere,D3A-96,wschurcke53@123-reg.co.uk,Winna,Schurcke,Research and Development
Quimba,Hrh-26,jbrecknall54@google.com.br,Janith,Brecknall,Training
Thoughtblab,NVq-36,vedmenson55@hhs.gov,Vonny,Edmenson,Sales
Agivu,qjl-97,rtrenaman56@microsoft.com,Robinette,Trenaman,Engineering
Eadel,5Kl-32,fmugridge57@qq.com,Frederique,Mugridge,Human Resources
Talane,q2t-10,tbreckell58@narod.ru,Twyla,Breckell,Support
Babbleblab,GzL-06,crollo59@cornell.edu,Celestyna,Rollo,Services
Einti,PPI-05,abetonia5a@jugem.jp,Ardyce,Betonia,Business Development
Eamia,USG-59,jfowden5b@pagesperso-orange.fr,Jonie,Fowden,Accounting
Yodel,pew-73,nglancy5c@state.gov,Nadine,Glancy,Research and Development
Dynabox,ZwY-55,cmounfield5d@ted.com,Carissa,Mounfield,Marketing
Jaxnation,keZ-00,ksarton5e@spotify.com,Kassey,Sarton,Support
Reallinks,kb1-97,avarney5f@baidu.com,Angy,Varney,Human Resources
Gigashots,Ty4-07,eigounet5g@miitbeian.gov.cn,Emmalee,Igounet,Marketing
Gabvine,1HY-45,mpotkins5h@reference.com,Mella,Potkins,Services
Roomm,zAT-78,mlarimer5i@cbslocal.com,Madalena,Larimer,Legal
Mita,GiR-60,mkimberly5j@naver.com,Margy,Kimberly,Human Resources
Wikido,nip-56,dsetford5k@github.com,Devan,Setford,Services
Wikido,mHA-27,mwinchcombe5l@ft.com,Maddalena,Winchcombe,Marketing
Yodoo,eJS-62,tboater5m@imdb.com,Timmie,Boater,Human Resources
Dabfeed,gVP-29,rlaidlow5n@theguardian.com,Rosamund,Laidlow,Legal
Realbuzz,kgS-21,rferruzzi5o@indiegogo.com,Robyn,Ferruzzi,Training
Twitterwire,c5Z-02,lmoffet5p@ameblo.jp,Lotta,Moffet,Sales
Fanoodle,xzw-83,vskeats5q@stanford.edu,Vanda,Skeats,Product Management
Vipe,lLo-92,hbraniff5r@linkedin.com,Heddie,Braniff,Accounting
Pixonyx,T2U-58,nbacher5s@infoseek.co.jp,Nixie,Bacher,Services
Thoughtstorm,1eI-83,mullyott5t@miitbeian.gov.cn,Molli,Ullyott,Legal
Buzzdog,nO2-90,dcookes5u@indiatimes.com,Doralynne,Cookes,Training
Feedfish,151-69,svasyunichev5v@usda.gov,Stacee,Vasyunichev,Engineering
Rhyloo,7Ea-43,dwagner5w@amazonaws.com,Dorolice,Wagner,Human Resources
Yakidoo,GNJ-33,dkelso5x@acquirethisname.com,Delores,Kelso,Accounting
Jabbersphere,722-77,tkopisch5y@nasa.gov,Tracey,Kopisch,Engineering
Divanoodle,BpF-29,kaistrop5z@unesco.org,Keri,Aistrop,Human Resources
Topiczoom,jBh-11,crosengren60@jimdo.com,Cassandry,Rosengren,Engineering
Quamba,f1U-32,bostick61@devhub.com,Beitris,Ostick,Services
Jaxspan,ZVf-74,ncasassa62@constantcontact.com,Nonna,Casassa,Services
Centimia,9Vn-05,nbottrill63@spotify.com,Nettie,Bottrill,Sales
Yata,iUI-65,tfildes64@aboutads.info,Tawsha,Fildes,Support
Flashpoint,jiD-67,mdarleston65@army.mil,Millie,Darleston,Engineering
Innotype,if2-95,scurrao66@dell.com,Shellie,Currao,Support
Zoomlounge,8KI-30,dmaciunas67@i2i.jp,Diannne,Maciunas,Sales
Twimbo,IZb-15,bjindrich68@un.org,Berri,Jindrich,Training
Devpoint,89v-87,mmawdsley69@devhub.com,Malinde,Mawdsley,Marketing
LiveZ,o3u-28,lmaccaghan6a@craigslist.org,Luciana,MacCaghan,Legal
Jabberstorm,rFL-07,aimpey6b@ezinearticles.com,Ada,Impey,Engineering
Devcast,B92-64,phalle6c@domainmarket.com,Pooh,Halle,Services
Tagchat,Dr0-08,bmotte6d@nature.com,Brigitta,Motte,Product Management
Rhybox,98Q-78,mreynish6e@vistaprint.com,Marlie,Reynish,Services
Fivespan,Cg8-66,bspellman6f@sciencedirect.com,Bianca,Spellman,Engineering
Fliptune,Rpc-24,kpurveys6g@reverbnation.com,Karin,Purveys,Services
Buzzbean,ABg-90,abytheway6h@canalblog.com,Adrian,Bytheway,Support
Trilia,JnZ-37,afarran6i@123-reg.co.uk,Amity,Farran,Support
Yacero,t3n-36,atedahl6j@opensource.org,Adria,Tedahl,Legal
Oyoloo,WpR-42,aeronie6k@digg.com,Alexine,Eronie,Marketing
Buzzdog,7Ca-32,opridgeon6l@angelfire.com,Orelie,Pridgeon,Accounting
Buzzster,HUY-32,dcarthy6m@infoseek.co.jp,Deny,Carthy,Marketing
Innotype,9vf-65,ebugg6n@google.co.jp,Evita,Bugg,Support
Voonix,4LY-82,mmacgilpatrick6o@nyu.edu,Minnie,MacGilpatrick,Sales
Skipstorm,nhd-12,hdjokic6p@statcounter.com,Honoria,Djokic,Legal
Feedmix,wMo-56,smeharg6q@vkontakte.ru,Sianna,Meharg,Human Resources
Yabox,m2U-59,rkighly6r@xinhuanet.com,Roxanne,Kighly,Engineering
Fanoodle,Kq0-95,mcawston6s@wunderground.com,Madlen,Cawston,Human Resources
Dablist,DcM-48,drajchert6t@icio.us,Dorene,Rajchert,Legal
Photojam,HmI-54,amccurry6u@multiply.com,Alina,McCurry,Human Resources
Skilith,PqH-34,averdun6v@bravesites.com,Andi,Verdun,Training
Avamm,pTb-98,cskelhorne6w@lulu.com,Caren,Skelhorne,Research and Development
Voolith,RTP-68,phardaker6x@yellowbook.com,Pamella,Hardaker,Legal
Ozu,1sJ-41,mgunton6y@wired.com,Melli,Gunton,Legal
Yodoo,wYv-31,dyalden6z@senate.gov,Dannie,Yalden,Legal
Bubblebox,hJC-97,srimmington70@cdc.gov,Sindee,Rimmington,Support
Shufflebeat,PUS-97,acadden71@clickbank.net,Arleyne,Cadden,Engineering
Devpoint,zVk-66,kraddish72@ihg.com,Karlotte,Raddish,Training
Zoombox,drp-60,tcarruthers73@chronoengine.com,Tomasina,Carruthers,Human Resources
Tazzy,iq3-95,hamdohr74@lulu.com,Hedwig,Amdohr,Accounting
Tagtune,fjZ-71,bhedworth75@prnewswire.com,Brittan,Hedworth,Research and Development
Yakijo,MyW-60,tserle76@arstechnica.com,Thomasin,Serle,Human Resources
InnoZ,grR-14,jcrabbe77@infoseek.co.jp,Jordan,Crabbe,Legal
Wikivu,SQ8-82,daggiss78@apache.org,Dierdre,Aggiss,Business Development
Twitterlist,Tu3-97,ngerman79@yelp.com,Nesta,German,Marketing
Skippad,Lxk-53,cadamkiewicz7a@cafepress.com,Carmina,Adamkiewicz,Business Development
Yodo,Oqx-39,bsplevins7b@amazonaws.com,Barbra,Splevins,Marketing
Yakijo,I6e-57,jfoskett7c@soup.io,Jobey,Foskett,Product Management
Ainyx,pV9-36,jrevell7d@behance.net,Janella,Revell,Marketing
Zoonoodle,Gex-74,mgilchrest7e@sun.com,Milena,Gilchrest,Legal
Janyx,S7T-46,dhallock7f@sphinn.com,Deina,Hallock,Legal
Voonyx,WS4-06,wdowd7g@vk.com,Wendeline,Dowd,Accounting
Podcat,Jb2-40,trash7h@wix.com,Trisha,Rash,Legal
Edgepulse,ito-00,gdellcasa7i@theatlantic.com,Gabriel,Dell Casa,Human Resources
Linkbridge,TWk-10,mkeher7j@live.com,Maxy,Keher,Support
Twitterworks,tND-81,fmound7k@rambler.ru,Florella,Mound,Accounting
Zoombeat,YHJ-50,eeliasen7l@pbs.org,Esme,Eliasen,Human Resources
Vinder,OeG-87,mrollett7m@lulu.com,Marni,Rollett,Engineering
Avamba,rlE-48,vpenni7n@dedecms.com,Veriee,Penni,Training
Lazzy,GHr-06,pbinnall7o@networkadvertising.org,Pansy,Binnall,Sales
Thoughtworks,r8b-14,cfossey7p@forbes.com,Cecile,Fossey,Research and Development
Yakitri,cdg-34,mpeiro7q@netvibes.com,Marigold,Peiro,Business Development
Jaxnation,GdJ-28,tpaulin7r@yellowpages.com,Teodora,Paulin,Services
Skiptube,mrb-97,alatehouse7s@weather.com,Ashien,Latehouse,Research and Development
Twitternation,8Ga-09,emeth7t@skyrock.com,Eddy,Meth,Training
Zoomlounge,4Kc-92,abackhouse7u@jugem.jp,Aprilette,Backhouse,Support
Wikivu,HNY-73,lsherwyn7v@intel.com,Leora,Sherwyn,Engineering
Kazu,yxF-57,sheight7w@disqus.com,Sonia,Height,Legal
Vitz,xyu-88,hmacnulty7x@netlog.com,Hetti,MacNulty,Accounting
DabZ,jgi-75,gstqueintain7y@cyberchimps.com,Gertrude,St. Queintain,Human Resources
Twimm,wIb-62,fchristauffour7z@flavors.me,Filia,Christauffour,Marketing
Linkbuzz,SWz-24,dausiello80@desdev.cn,Dorthea,Ausiello,Training
BlogXS,5OT-05,lfilkov81@wsj.com,Lee,Filkov,Accounting
Skipstorm,p2z-45,hantliff82@sciencedirect.com,Helen-elizabeth,Antliff,Services
Brightbean,bqz-10,gculleford83@va.gov,Guendolen,Culleford,Product Management
Vidoo,BkK-68,smishow84@blogspot.com,Sallyanne,Mishow,Business Development
Brightbean,Kl8-39,aarbon85@liveinternet.ru,Ada,Arbon,Training
Feedfish,BWs-64,nsergeant86@symantec.com,Nancee,Sergeant,Engineering
Quatz,R1i-73,mleipoldt87@tripod.com,Minette,Leipoldt,Accounting
Buzzbean,qtq-83,jdifranceshci88@histats.com,Jillayne,Di Franceshci,Sales
Yata,Jzv-72,istolze89@sciencedaily.com,Idaline,Stolze,Support
Youbridge,R5N-24,vjeffcoat8a@wikimedia.org,Vilhelmina,Jeffcoat,Product Management
Fanoodle,Qe2-31,hdukesbury8b@imgur.com,Honor,Dukesbury,Human Resources
Quimm,vAh-53,cspeer8c@cafepress.com,Cariotta,Speer,Research and Development
Podcat,cHw-99,cjohananov8d@behance.net,Cathy,Johananov,Legal
Oloo,4kP-85,birvin8e@adobe.com,Blair,Irvin,Training
Skimia,Hsx-70,lhamlett8f@imdb.com,Layney,Hamlett,Sales
Demivee,8Xq-33,cnozzolinii8g@tripadvisor.com,Cookie,Nozzolinii,Training
LiveZ,iAM-10,morvis8h@liveinternet.ru,Maurita,Orvis,Human Resources
Tagcat,lrP-63,agiorgi8i@sohu.com,Antoinette,Giorgi,Services
Babbleset,UVC-20,hskellen8j@un.org,Harriett,Skellen,Services
Feedmix,MF6-96,eeardley8k@meetup.com,Eddi,Eardley,Research and Development
Skajo,gzo-42,cchampain8l@t-online.de,Ceciley,Champain,Business Development
Thoughtbeat,75z-97,relcome8m@bbc.co.uk,Rebekkah,Elcome,Accounting
Avamm,dJ7-62,cpavlov8n@rediff.com,Celina,Pavlov,Research and Development
Quaxo,bd5-44,jstitch8o@scientificamerican.com,Joyce,Stitch,Legal
Twimm,qh0-04,cranald8p@fema.gov,Celeste,Ranald,Support
Meeveo,JzJ-15,pbatie8q@si.edu,Pearla,Batie,Training
Trilia,TRk-21,dcoopper8r@icio.us,Deirdre,Coopper,Product Management
Skidoo,u6n-17,mdavidovitz8s@sun.com,Milzie,Davidovitz,Product Management
Jabbertype,uHS-99,crolstone8t@whitehouse.gov,Carrissa,Rolstone,Marketing
Skiptube,Oh1-68,ehayton8u@goo.gl,Effie,Hayton,Legal
Kayveo,T12-66,cspaven8v@storify.com,Carita,Spaven,Marketing
Chatterbridge,6mY-50,diacavone8w@youtu.be,Dorelia,Iacavone,Legal
Oyonder,KmQ-79,ehedde8x@si.edu,Ericka,Hedde,Business Development
Blognation,5XX-29,glayborn8y@google.com,Galina,Layborn,Accounting
Tanoodle,IC8-18,jsimonato8z@mit.edu,Jesse,Simonato,Support
Skinder,nUu-53,jmold90@psu.edu,Jeanie,Mold,Legal
Miboo,pfO-13,mmcmanaman91@intel.com,Marja,Mcmanaman,Legal
Camimbo,oKL-34,jkingswoode92@wp.com,Josephina,Kingswoode,Human Resources
Vitz,nqN-18,atreverton93@shinystat.com,Arlie,Treverton,Product Management
Voolith,m9O-99,bherculeson94@umich.edu,Becca,Herculeson,Marketing
Blogtag,A9A-95,cdysert95@addtoany.com,Collen,Dysert,Marketing
Feednation,IGc-81,ycoogan96@redcross.org,Yetty,Coogan,Accounting
Fiveclub,IVd-83,mbanfill97@typepad.com,Maureen,Banfill,Support
Blogtag,nra-15,pforryan98@mediafire.com,Pandora,Forryan,Accounting
JumpXS,549-44,jtwort99@usgs.gov,Jackqueline,Twort,Product Management
Rhynoodle,iSU-98,omccane9a@wp.com,Odelle,McCane,Engineering
Quinu,0rL-68,smadner9b@edublogs.org,Shelbi,Madner,Support
Tagopia,Mzp-27,mflatman9c@china.com.cn,Marys,Flatman,Business Development
Feedmix,eeL-77,slisciardelli9d@hhs.gov,Shoshana,Lisciardelli,Human Resources
Avavee,Pf7-06,ddivill9e@seesaa.net,Doralynne,Divill,Services
Fatz,A0j-51,ydohms9f@admin.ch,Yalonda,Dohms,Sales
Tekfly,gf7-62,spoulter9g@google.fr,Sharleen,Poulter,Business Development
Jetpulse,POr-08,ooldcote9h@wired.com,Ophelia,Oldcote,Marketing
Eare,TlZ-10,dberth9i@dailymail.co.uk,Deeann,Berth,Engineering
Fiveclub,nNZ-25,sbulfit9j@bbb.org,Sara,Bulfit,Marketing
Voolith,P9O-88,dtupper9k@mediafire.com,Dorey,Tupper,Engineering
Ooba,OeK-94,sboutell9l@deviantart.com,Sally,Boutell,Business Development
JumpXS,HUt-99,sheathfield9m@trellian.com,Sidonnie,Heathfield,Sales
Yadel,gNO-17,elambrecht9n@nydailynews.com,Electra,Lambrecht,Engineering
Realmix,gM5-01,tvasyatkin9o@nasa.gov,Tonia,Vasyatkin,Sales
Vidoo,ASg-78,kwayt9p@apple.com,Kira,Wayt,Support
JumpXS,NRD-17,kpedel9q@msn.com,Kalli,Pedel,Legal
Voonte,2eo-81,jpaulig9r@berkeley.edu,Janeen,Paulig,Marketing
Quimm,veL-88,fclimar9s@webnode.com,Fiann,Climar,Research and Development
Trilith,ajd-72,gpickburn9t@php.net,Grete,Pickburn,Engineering
Bluejam,EDD-55,kmcgiffin9u@noaa.gov,Kissie,Mc Giffin,Services
Realmix,w9H-19,moloinn9v@theatlantic.com,Mimi,O'Loinn,Accounting
Yodoo,X4J-59,asweetzer9w@fda.gov,Adel,Sweetzer,Sales
Meejo,onI-56,jbleything9x@biblegateway.com,Jayme,Bleything,Services
Einti,vmz-25,nstorms9y@newsvine.com,Nissa,Storms,Legal
Browsebug,TI2-98,mboyack9z@princeton.edu,Myra,Boyack,Services
Jabbertype,xcV-58,dmcdouala0@simplemachines.org,Denice,McDoual,Marketing
Gevee,FUu-48,kzoanettia1@youtube.com,Kiersten,Zoanetti,Research and Development
Bluezoom,0Jq-99,wshropshirea2@smugmug.com,Winny,Shropshire,Services
Buzzshare,7BK-49,egrayshana3@cpanel.net,Ester,Grayshan,Human Resources
Oozz,u2m-04,jbernia4@indiegogo.com,Jyoti,Berni,Engineering
Jaxspan,oms-90,cbulfoota5@bizjournals.com,Chad,Bulfoot,Accounting
Livetube,yah-82,gelstowa6@ycombinator.com,Gerladina,Elstow,Human Resources
Skyvu,ptt-04,rbuckbeea7@homestead.com,Robena,Buckbee,Marketing
Rhyzio,du5-44,cchienea8@homestead.com,Carly,Chiene,Research and Development
Zoombox,nQ3-11,waketta9@theglobeandmail.com,Wenona,Akett,Training
Zooveo,UwZ-79,tfullmanaa@paginegialle.it,Tomasina,Fullman,Business Development
Oloo,jGJ-65,opopeleyab@instagram.com,Ortensia,Popeley,Support
Kayveo,Yom-28,bgrindallac@people.com.cn,Brittni,Grindall,Business Development
Jaxspan,J63-52,pdanelutad@ftc.gov,Pegeen,Danelut,Engineering
Flipstorm,cO2-35,jnadenae@facebook.com,Janice,Naden,Training
Eamia,zwv-48,oedgerleyaf@forbes.com,Ondrea,Edgerley,Support
Blogpad,efz-93,ocohaniag@craigslist.org,Opalina,Cohani,Sales
Thoughtworks,Hhd-16,aacostaah@tumblr.com,Aloisia,Acosta,Legal
Meemm,Ph4-12,kfaudrieai@ca.gov,Katey,Faudrie,Training
Trilia,DpB-74,mnormabellaj@sbwire.com,Marta,Normabell,Marketing
Izio,cwe-86,cgirardoniak@nifty.com,Caron,Girardoni,Training
Linkbuzz,gAU-81,cdobbsonal@epa.gov,Camella,Dobbson,Business Development
Einti,bIk-32,opopleeam@amazon.co.uk,Odele,Poplee,Engineering
Gabvine,5pr-47,adownean@woothemes.com,Amelina,Downe,Support
Youspan,rJn-17,mjewisao@feedburner.com,Michele,Jewis,Training
Innojam,XOM-01,aeldinap@phoca.cz,Andriana,Eldin,Engineering
Tagopia,pKg-48,kpetcheyaq@imageshack.us,Kandace,Petchey,Marketing
Brainbox,6wO-01,snertneyar@pagesperso-orange.fr,Saidee,Nertney,Support
Yamia,X7Q-16,dbooyas@cpanel.net,Deena,Booy,Marketing
Tekfly,d2d-35,fpersichat@utexas.edu,Felicia,Persich,Services
Fivespan,HVA-00,egarnsworthau@cocolog-nifty.com,Elisa,Garnsworth,Services
Plajo,qGq-97,wblunnav@networksolutions.com,Winonah,Blunn,Engineering
Abatz,yRg-58,imuataw@craigslist.org,Imogen,Muat,Support
Oyonder,fx9-13,ciozefovichax@pinterest.com,Carin,Iozefovich,Training
Fivespan,8Zo-29,jperkisay@parallels.com,Jemimah,Perkis,Engineering
InnoZ,6Ki-41,nkoeneaz@usda.gov,Norina,Koene,Business Development
Rhyzio,QLp-70,mcappsb0@chron.com,Miranda,Capps,Marketing
Yotz,k07-40,blanchesterb1@miibeian.gov.cn,Beryl,Lanchester,Sales
Yadel,hDN-98,bmallowsb2@livejournal.com,Beverlie,Mallows,Marketing
Buzzster,4YR-12,lwildbloodb3@buzzfeed.com,Lilias,Wildblood,Legal
Photospace,RBe-48,atyeb4@businessweek.com,Agnola,Tye,Product Management
Ooba,UCy-96,scorderob5@aboutads.info,Sisely,Cordero,Research and Development
Izio,5gP-77,lventurolib6@vimeo.com,Loretta,Venturoli,Support
Einti,dFo-65,chowlinb7@newsvine.com,Caresa,Howlin,Legal
Wordware,aQ9-40,mbrennenstuhlb8@washington.edu,Marti,Brennenstuhl,Sales
Youbridge,tt0-82,klivingstoneb9@hatena.ne.jp,Karol,Livingstone,Sales
DabZ,dWo-17,ewatkinba@java.com,Elsinore,Watkin,Legal
Gigaclub,tz1-68,mscrimshirebb@so-net.ne.jp,Mozelle,Scrimshire,Marketing
Brainbox,IJP-71,aiddisonbc@amazon.de,Ara,Iddison,Accounting
Skyvu,yPr-24,rchipperfieldbd@bbb.org,Robinett,Chipperfield,Marketing
Realfire,y5J-44,cperetbe@berkeley.edu,Chandra,Peret,Accounting
Miboo,ljn-30,dlashmorebf@google.ru,Delly,Lashmore,Services
Kimia,rgt-11,dmackelworthbg@imageshack.us,Donia,Mackelworth,Human Resources
Twimm,LCk-65,bmctrustiebh@tinyurl.com,Belvia,McTrustie,Training
Plambee,BOF-88,eleverentzbi@constantcontact.com,Eva,Leverentz,Accounting
Youfeed,WSD-78,mcabanebj@imageshack.us,Mariann,Cabane,Training
Yodo,hyg-69,jsatterfittbk@vimeo.com,Jorie,Satterfitt,Support
Thoughtmix,6UC-61,ddeakanbl@creativecommons.org,Demeter,Deakan,Research and Development
Twinte,m6F-35,thabeshawbm@mediafire.com,Tonya,Habeshaw,Sales
Meezzy,mk3-78,cthainbn@myspace.com,Cele,Thain,Research and Development
Bubblebox,ghN-81,mschwerinbo@cpanel.net,Murial,Schwerin,Business Development
Rhynoodle,ji3-07,cfosdykebp@myspace.com,Clara,Fosdyke,Support
Jabbercube,69N-66,sburkillbq@epa.gov,Shandra,Burkill,Marketing
Vitz,kCV-46,jbirtwellbr@icio.us,Janka,Birtwell,Legal
Buzzbean,te4-71,ldarraghbs@time.com,Lorelei,Darragh,Research and Development
Twitterbeat,hMK-51,aclurowbt@upenn.edu,Adrienne,Clurow,Human Resources
Cogilith,W5T-37,cmccoolbu@si.edu,Carolan,McCool,Training
Skibox,usC-84,mlynockbv@whitehouse.gov,Marlo,Lynock,Business Development
Trilith,Q6B-81,dbessellbw@parallels.com,Dyana,Bessell,Accounting
Fliptune,eKo-18,jchisolmbx@angelfire.com,Jaine,Chisolm,Human Resources
Feedfish,1nM-63,dvolkeby@dailymotion.com,Daria,Volke,Sales
Fiveclub,byf-70,ipeachmanbz@printfriendly.com,Ingrid,Peachman,Accounting
Zava,dRa-68,ssleitc0@example.com,Simonne,Sleit,Human Resources
Omba,Vrq-15,abolusc1@angelfire.com,Ariana,Bolus,Legal
Divanoodle,IH0-22,oferronic2@economist.com,Oneida,Ferroni,Training
Jazzy,OhC-98,jborgbartoloc3@craigslist.org,Jelene,Borg-Bartolo,Human Resources
Layo,kDb-69,jvanyashinc4@myspace.com,Jeannie,Vanyashin,Services
Flashpoint,ZK0-40,lwoakesc5@taobao.com,Lettie,Woakes,Research and Development
Digitube,Ypd-78,wbarhamsc6@friendfeed.com,Wenona,Barhams,Legal
Mita,Zoc-04,fbertinc7@dailymotion.com,Fionna,Bertin,Research and Development
Kayveo,AgA-41,epanksc8@cnn.com,Elga,Panks,Legal
Abata,no8-00,asheardsc9@mlb.com,Anestassia,Sheards,Sales
Skibox,RKH-00,cpolesca@devhub.com,Carlotta,Poles,Business Development
Jaxbean,cti-91,earchdecknecb@w3.org,Esmeralda,Archdeckne,Training
Topiczoom,jVh-70,sbenedictocc@alexa.com,Sarina,Benedicto,Marketing
Vitz,LjI-44,lfranssenicd@cornell.edu,Lin,Fransseni,Legal
Oyoloo,di6-79,hmarksonce@g.co,Hadria,Markson,Marketing
Babbleblab,EpO-23,mradbournecf@tripadvisor.com,Mollie,Radbourne,Services
Fiveclub,yzP-23,jdeattacg@slashdot.org,Jillayne,De Atta,Legal
Photobug,k4X-05,asegerch@bbc.co.uk,Andy,Seger,Marketing
Browsezoom,UzK-31,eblackeslandci@free.fr,Ermentrude,Blackesland,Support
Vitz,MRB-39,dfurlongcj@github.io,Donica,Furlong,Engineering
Photofeed,oMX-14,nmacleanck@bloomberg.com,Nicolle,Maclean,Research and Development
Talane,EJd-97,bzealecl@live.com,Bria,Zeale,Human Resources
Gigabox,zKV-64,pbalnavescm@intel.com,Pierette,Balnaves,Marketing
Skimia,a8H-50,srollingscn@barnesandnoble.com,Shalna,Rollings,Services
Quatz,SGe-74,tpinkertonco@free.fr,Therese,Pinkerton,Support
Yodoo,uLL-04,jmonikercp@uiuc.edu,Jaquenette,Moniker,Business Development
Realbuzz,hpt-12,crosenthalercq@behance.net,Charleen,Rosenthaler,Product Management
Podcat,OfD-25,cbutterycr@pagesperso-orange.fr,Crystal,Buttery,Sales
Gigabox,0AQ-09,zforstallcs@meetup.com,Zaneta,Forstall,Legal
Zoonoodle,WeH-75,mskurrayct@newyorker.com,Myra,Skurray,Research and Development
Teklist,0gq-95,abailecu@istockphoto.com,Auria,Baile,Training
Browsecat,4XN-60,ytonkincv@mac.com,Yasmin,Tonkin,Legal
Browsedrive,JO1-88,ajacquemycw@illinois.edu,Amalee,Jacquemy,Sales
Lazzy,2Rt-84,ekadarcx@spiegel.de,Emeline,Kadar,Accounting
Talane,l28-53,rharringcy@quantcast.com,Rowena,Harring,Training
Edgeify,bzr-43,trustedcz@tripadvisor.com,Tabbi,Rusted,Engineering
Aimbo,2u3-84,mhembryd0@harvard.edu,Maggy,Hembry,Research and Development
Muxo,auk-79,smcgeffend1@yellowbook.com,Sofie,McGeffen,Business Development
Fadeo,0hy-08,mgritsunovd2@360.cn,Marla,Gritsunov,Legal
Aivee,Ntl-06,hutleyd3@mozilla.org,Harmony,Utley,Research and Development
Edgepulse,zC4-80,nleadbeatterd4@google.es,Norrie,Leadbeatter,Sales
BlogXS,ruz-19,dblandamored5@prlog.org,Dita,Blandamore,Training
Tavu,KSY-95,pbricklebankd6@mlb.com,Poppy,Bricklebank,Marketing
Flashspan,qo5-04,lscotsond7@hugedomains.com,Leonelle,Scotson,Research and Development
Zoombeat,Yql-47,hjosephsend8@admin.ch,Hannis,Josephsen,Training
Tanoodle,6y2-49,wpeerd9@discuz.net,Wrennie,Peer,Legal
Leexo,wQ1-46,alyffeda@facebook.com,Ashli,Lyffe,Marketing
Livetube,yrU-46,kjereattdb@multiply.com,Kris,Jereatt,Sales
Tagpad,zKv-44,cgennerdc@eventbrite.com,Carmel,Genner,Legal
Meedoo,gGr-23,cvogeledd@bloglines.com,Cora,Vogele,Sales
Meejo,qyP-54,edorkinde@examiner.com,Ethel,Dorkin,Research and Development
Skyvu,EFP-22,abeadelldf@posterous.com,Aura,Beadell,Accounting
Gigabox,e2d-13,bdematteisdg@mtv.com,Barry,De Matteis,Human Resources
Aibox,z5y-84,bjeenesdh@skyrock.com,Brigitte,Jeenes,Support
Zooveo,9SE-98,mwalewskidi@aboutads.info,Melinde,Walewski,Human Resources
Blogtag,eP9-07,mpicoppdj@ucla.edu,Morganne,Picopp,Legal
Meejo,RbV-71,mpovlsendk@cornell.edu,Maxy,Povlsen,Accounting
Skimia,GN6-62,dmcgahydl@indiatimes.com,Danell,McGahy,Sales
Skilith,WX8-05,lquogandm@uol.com.br,Lou,Quogan,Training
Devpoint,rFN-54,doswalddn@dedecms.com,Delly,Oswald,Business Development
Riffpath,xEE-24,lradbournedo@admin.ch,Layne,Radbourne,Research and Development
Dabfeed,A1M-71,sbancedp@fda.gov,Starr,Bance,Accounting
Realcube,o0i-31,jshallikerdq@google.fr,Jo-ann,Shalliker,Human Resources
Flashpoint,BjQ-85,smcclorydr@nps.gov,Sarajane,McClory,Marketing
Yodoo,7O0-49,apiscopiellods@census.gov,Arlen,Piscopiello,Marketing
Gabtune,ewx-78,tcostindt@facebook.com,Tildy,Costin,Sales
BlogXS,RfC-75,abrisedu@cornell.edu,Arabelle,Brise,Business Development
Zooveo,nuC-45,mpennazzidv@globo.com,Madelaine,Pennazzi,Services
Bluejam,oRZ-28,pmeakingdw@cnet.com,Pammy,Meaking,Business Development
Minyx,pNr-06,tturrilldx@arizona.edu,Truda,Turrill,Support
Yamia,3QF-86,schataignierdy@digg.com,Sibelle,Chataignier,Human Resources
Kayveo,W4k-17,svanderbruggedz@hao123.com,Sally,Van der Brugge,Accounting
BlogXS,rfj-46,vdochee0@drupal.org,Virgina,Doche,Services
Gigaclub,532-01,bsollnere1@noaa.gov,Bridie,Sollner,Human Resources
Linkbridge,NPT-62,kthomassete2@amazon.co.jp,Ki,Thomasset,Support
Oodoo,IKL-35,agierckee3@apple.com,Amelina,Giercke,Research and Development
Quatz,1jp-79,jtysone4@amazonaws.com,Jeri,Tyson,Marketing
Topiczoom,mrt-99,arehme5@skyrock.com,Audra,Rehm,Legal
Tambee,Jyn-92,gchurchlowe6@edublogs.org,Gretna,Churchlow,Legal
Gabvine,pcJ-79,fsalzburge7@pcworld.com,Fred,Salzburg,Research and Development
Twitternation,FWa-92,dyakobowitche8@theguardian.com,Dell,Yakobowitch,Support
Brainlounge,xqO-32,rkayzere9@oaic.gov.au,Rochella,Kayzer,Sales
Dabtype,Zot-38,dcranfieldea@webmd.com,Dione,Cranfield,Services
Vimbo,RMN-81,stattertoneb@washingtonpost.com,Shirleen,Tatterton,Training
Yamia,VWb-92,fsowmanec@amazon.de,Felecia,Sowman,Support
Rhynyx,EQi-72,cgronowed@bizjournals.com,Cori,Gronow,Product Management
Centizu,ida-74,hraseee@moonfruit.com,Helenka,Rase,Marketing
Rhynoodle,P6Z-95,sdentithef@istockphoto.com,Shandy,Dentith,Services
Shufflebeat,xyk-95,rfanningeg@feedburner.com,Rachelle,Fanning,Research and Development
Yabox,F5I-82,ldelhantyeh@instagram.com,Lynsey,Delhanty,Training
Meejo,8Qt-59,esadryei@fc2.com,Elka,Sadry,Business Development
Flipopia,e9B-75,oklemtej@answers.com,Orsa,Klemt,Human Resources
Gigabox,wQw-77,lscorerek@dion.ne.jp,Lorain,Scorer,Marketing
Twimbo,Bsq-56,obaldiniel@odnoklassniki.ru,Orelia,Baldini,Human Resources
Skibox,A3s-67,thaleem@google.co.jp,Tessa,Hale,Support
Camido,uI9-10,rcluderayen@macromedia.com,Rasia,Cluderay,Legal
Teklist,j4V-88,dgontiereo@godaddy.com,Dasya,Gontier,Human Resources
JumpXS,f0h-40,sjenkisonep@house.gov,Sarina,Jenkison,Support
Yotz,5V7-14,atringhameq@wp.com,Angeline,Tringham,Product Management
Tazz,ryv-97,klawmaner@t.co,Kameko,Lawman,Sales
Oyonder,WxY-99,vhuntares@vimeo.com,Venus,Huntar,Training
Jaxspan,nui-81,shiziret@people.com.cn,Sisely,Hizir,Business Development
Voolith,iuM-60,cmabeneu@zdnet.com,Cori,Maben,Legal
Shuffledrive,B3G-48,tdaoustev@spiegel.de,Thia,Daoust,Sales
Aimbu,tHl-84,ptriggelew@smh.com.au,Phylys,Triggel,Research and Development
Meembee,O9f-62,lsplevingex@dedecms.com,Lilli,Spleving,Product Management
Zoomdog,uGb-57,uronayneey@disqus.com,Umeko,Ronayne,Human Resources
Mycat,tND-78,aveiversez@indiegogo.com,Amy,Veivers,Human Resources
Jaxspan,KVE-61,msimisonf0@unblog.fr,Maressa,Simison,Accounting
Jetpulse,pbN-64,zcastagnetof1@yellowpages.com,Zandra,Castagneto,Human Resources
Centimia,wGr-72,cbillief2@posterous.com,Constancy,Billie,Marketing
Photobug,9tz-82,rhiddersleyf3@soup.io,Rianon,Hiddersley,Legal
Pixonyx,1a5-98,ehunstonef4@oracle.com,Eleni,Hunstone,Engineering
Mybuzz,Y9Q-30,tmaybeyf5@e-recht24.de,Tobi,Maybey,Marketing
Fanoodle,JfE-11,sruzicf6@huffingtonpost.com,Sybille,Ruzic,Legal
Yamia,mYb-56,rsockellf7@unesco.org,Rozella,Sockell,Business Development
Lazzy,F4A-97,iiacovuzzif8@de.vu,Issy,Iacovuzzi,Human Resources
Devbug,sD8-63,lnewlandsf9@ihg.com,Leslie,Newlands,Accounting
Eadel,9u3-28,sstainfieldfa@fastcompany.com,Saba,Stainfield,Accounting
Rhybox,KFQ-86,radanetfb@mozilla.com,Ronnica,Adanet,Engineering
Zoomzone,kwG-93,callsoppfc@networkadvertising.org,Constanta,Allsopp,Support
Voonder,yo0-97,ebarrfd@huffingtonpost.com,Emma,Barr,Product Management
LiveZ,rrw-93,maventfe@4shared.com,Mamie,Avent,Accounting
Cogilith,pNk-35,gvallensff@flickr.com,Gilli,Vallens,Support
Dabtype,g5D-54,msiddallfg@abc.net.au,Marty,Siddall,Accounting
Chatterpoint,mqR-62,mmccreefh@usa.gov,Madelon,McCree,Marketing
Fivespan,qjw-15,jwoodheadfi@yahoo.co.jp,Jourdan,Woodhead,Product Management
Twinte,5vF-19,ahortfj@youtu.be,Amelie,Hort,Training
Thoughtblab,bP4-11,msewardfk@latimes.com,Merle,Seward,Sales
Feedfire,44S-90,epulequefl@symantec.com,Emmeline,Puleque,Support
Dabfeed,hv6-33,ehernikfm@blogger.com,Elicia,Hernik,Accounting
Yombu,pXa-23,kchampefn@house.gov,Kiley,Champe,Human Resources
Devpoint,cEV-19,rthorbonfo@163.com,Rebe,Thorbon,Research and Development
Yodoo,VO6-61,pjakabfp@smugmug.com,Pegeen,Jakab,Legal
Midel,iVE-73,lmccrainorfq@skyrock.com,Lurleen,McCrainor,Sales
Bluejam,xkL-15,cmcasgillfr@live.com,Chiarra,McAsgill,Business Development
Quatz,Sd2-69,jkopjefs@ihg.com,Jeanne,Kopje,Training
Skiptube,iIr-17,cmcgilvaryft@unc.edu,Cally,McGilvary,Research and Development
Browsebug,4aU-55,mthynnefu@chron.com,Mirilla,Thynne,Support
Bubblemix,XwU-65,aramesfv@auda.org.au,Alexandrina,Rames,Support
Podcat,cNb-66,ldebruijnefw@icio.us,Lil,De Bruijne,Business Development
Topiczoom,tlb-58,hvictoryfx@dailymail.co.uk,Hope,Victory,Legal
Thoughtbridge,pIC-58,jscusefy@discovery.com,Janet,Scuse,Support
Lajo,FMY-76,dcaddanfz@statcounter.com,Diana,Caddan,Human Resources
Photofeed,1D0-24,vtuttleg0@merriam-webster.com,Valaria,Tuttle,Sales
Tambee,PEy-81,jsoaneg1@hugedomains.com,Jilleen,Soane,Marketing
Gigashots,wy3-14,imazonowiczg2@marketwatch.com,Ina,Mazonowicz,Human Resources
Avamba,joc-09,greiseng3@unicef.org,Gayel,Reisen,Training
Realfire,819-42,dadamg4@wisc.edu,Danica,Adam,Support
Podcat,tHa-37,dostrichg5@netscape.com,Dorelia,Ostrich,Engineering
Blogtag,qoD-77,ccymperg6@nsw.gov.au,Candy,Cymper,Services
Youbridge,ypN-50,revennettg7@jigsy.com,Rodi,Evennett,Legal
Feedmix,CG3-75,aveiversg8@imgur.com,Adrea,Veivers,Human Resources
Demivee,adK-94,kbilbyg9@wiley.com,Karissa,Bilby,Services
Fiveclub,lKD-20,sdumbarega@dot.gov,Sarene,Dumbare,Sales
Mita,GRZ-33,rkelinggb@craigslist.org,Rosalie,Keling,Human Resources
Kimia,7Lr-61,alovewellgc@csmonitor.com,Aggie,Lovewell,Human Resources
Meezzy,Epf-79,nonealgd@bandcamp.com,Noami,Oneal,Services
Dablist,sHM-61,sstradlingge@macromedia.com,Stacee,Stradling,Business Development
Mydeo,MVG-49,akelbermangf@zdnet.com,Ariana,Kelberman,Services
Jabbersphere,iKf-27,swagenengg@google.ru,Sadie,Wagenen,Sales
Centidel,UhN-81,bcamfieldgh@berkeley.edu,Bryana,Camfield,Support
Zava,nT4-02,eflecknoegi@macromedia.com,Elfreda,Flecknoe,Marketing
Mudo,Mce-00,gfozzardgj@usda.gov,Gennie,Fozzard,Human Resources
Bluezoom,Pt2-38,vmulberrygk@squarespace.com,Verena,Mulberry,Engineering
Mydo,NLa-72,mpautotgl@plala.or.jp,Margy,Pautot,Engineering
Buzzdog,d49-14,rmanisgm@cdc.gov,Reeva,Manis,Services
Centizu,1D5-16,urubkegn@eepurl.com,Umeko,Rubke,Marketing
Realfire,BQP-32,agringleygo@unc.edu,Aurelie,Gringley,Research and Development
Vidoo,hhx-39,gbarffordgp@jigsy.com,Gwendolen,Barfford,Business Development
Photofeed,8kJ-22,abenitezgq@rediff.com,Anjela,Benitez,Support
Twitterwire,X4B-32,bpatchinggr@technorati.com,Biddy,Patching,Accounting
Innotype,imW-44,sedworthygs@npr.org,Steffi,Edworthy,Support
Realcube,p5D-76,aridoutgt@addthis.com,Alana,Ridout,Business Development
Jabbertype,XJo-24,tmaccreegu@wufoo.com,Tierney,Maccree,Training
Ntags,GbK-48,zcrootegv@sina.com.cn,Zelma,Croote,Services
Babbleopia,hqb-64,scollinsgw@yahoo.com,Seana,Collins,Human Resources
Brainsphere,5Um-53,chewkingx@barnesandnoble.com,Cosette,Hewkin,Legal
Agimba,30P-72,cfronczakgy@chronoengine.com,Codi,Fronczak,Marketing
Jatri,PNR-27,aboultergz@themeforest.net,Aveline,Boulter,Support
Oyondu,Y0p-81,gattenbrowh0@reverbnation.com,Gweneth,Attenbrow,Engineering
Quinu,Cf2-07,kblaslh1@prnewswire.com,Kellen,Blasl,Human Resources
Chatterpoint,x7S-44,vnoyeh2@mac.com,Veriee,Noye,Business Development
Dazzlesphere,xZi-62,ppoxonh3@is.gd,Peria,Poxon,Sales
Dabvine,VLR-16,ndmiterkoh4@about.me,Nada,Dmiterko,Sales
Demivee,E0n-24,bflowerh5@facebook.com,Blakeley,Flower,Services
Skidoo,3aG-72,mhuckelh6@newyorker.com,Moria,Huckel,Training
Ailane,5iT-22,lbrookesh7@creativecommons.org,Lexie,Brookes,Support
Jabbersphere,cC8-68,thugoninh8@xrea.com,Tabbi,Hugonin,Engineering
Linkbridge,A69-41,ncastillah9@bravesites.com,Norri,Castilla,Legal
Izio,3DH-40,kstrawha@mac.com,Katie,Straw,Support
Quimm,DmU-32,tsummerleyhb@jigsy.com,Tandy,Summerley,Sales
Skajo,ghM-78,evaseyhc@paypal.com,Elfie,Vasey,Legal
Kazu,aAa-73,tcoccihd@cdbaby.com,Tonia,Cocci,Human Resources
Brainbox,XUk-66,mwattersonhe@comsenz.com,Mariya,Watterson,Legal
Kare,Vpd-95,sjanuhf@indiegogo.com,Shela,Janu,Product Management
Muxo,Vyu-71,mhurleyhg@studiopress.com,Millisent,Hurley,Services
Yombu,Wf6-88,cjeaneauhh@weebly.com,Cassy,Jeaneau,Services
Zazio,aAL-49,gspiringhi@telegraph.co.uk,Gabrielle,Spiring,Product Management
Jabbersphere,6ew-61,lwrateshj@hud.gov,Lisette,Wrates,Engineering
Meedoo,bKI-11,asurguinehk@twitpic.com,Agata,Surguine,Human Resources
Rhynoodle,2Sk-40,gisakovichl@ning.com,Gussy,Isakovic,Sales
Skajo,FAS-48,cknaggshm@usda.gov,Carmon,Knaggs,Engineering
Quimm,Szb-51,yellikerhn@google.com.br,Yolane,Elliker,Research and Development
Janyx,Eza-10,bgentnerho@answers.com,Binni,Gentner,Support
Zava,TkQ-06,jseerhp@nhs.uk,Josee,Seer,Marketing
Kazio,qKl-85,mhuntleyhq@skype.com,Melania,Huntley,Product Management
LiveZ,QHw-33,mbunklehr@ihg.com,Marcela,Bunkle,Accounting
Edgepulse,rsD-83,smilierhs@boston.com,Shela,Milier,Research and Development
Gevee,fDP-57,lrosenbladht@free.fr,Leese,Rosenblad,Accounting
Wordware,UPB-29,nlungehu@yolasite.com,Nicole,Lunge,Accounting
Topiczoom,4dM-52,djimsonhv@washington.edu,Darlene,Jimson,Accounting
Skiptube,HUj-74,jclowshw@pagesperso-orange.fr,Jacynth,Clows,Support
Quaxo,u6A-59,jgotchhx@squidoo.com,Jenine,Gotch,Product Management
Plajo,8yv-04,ashannonhy@whitehouse.gov,Ardelle,Shannon,Sales
Thoughtworks,q9V-27,lgoboloshz@springer.com,Lu,Gobolos,Legal
Agimba,S9Y-57,cniali0@1und1.de,Corrina,Nial,Support
Oodoo,eoU-83,ecapehorni1@google.de,Erminie,Capehorn,Business Development
Photobean,V6k-06,cgorettii2@simplemachines.org,Cassi,Goretti,Human Resources
Devify,fJY-96,dsilwoodi3@hao123.com,Devina,Silwood,Product Management
Edgewire,b8J-00,ebougourdi4@clickbank.net,Electra,Bougourd,Sales
Meezzy,j3S-82,tfairbardi5@opera.com,Tonya,Fairbard,Services
Mydeo,jGw-09,malgari6@yellowpages.com,Marcie,Algar,Sales
InnoZ,bM8-41,ywallacei7@multiply.com,Yolanda,Wallace,Product Management
Dabvine,H9J-43,aredfordi8@miibeian.gov.cn,Alys,Redford,Services
Izio,qFU-61,mwintersgilli9@examiner.com,Maribeth,Wintersgill,Legal
Eidel,XWa-70,ekiddyeia@mit.edu,Emogene,Kiddye,Legal
Bluezoom,VAN-13,tcottisfordib@instagram.com,Tuesday,Cottisford,Legal
Twinte,AUf-41,bruseworthic@go.com,Bernette,Ruseworth,Human Resources
Eamia,pmb-03,syeilesid@ucoz.ru,Sean,Yeiles,Services
Miboo,7Vd-39,aisakssonie@liveinternet.ru,Alyssa,Isaksson,Legal
Flashdog,IMi-05,jdienesif@quantcast.com,Janey,Dienes,Business Development
Twitternation,Nbg-97,kwallenig@cmu.edu,Korie,Wallen,Sales
Browsetype,RQz-69,cdemschkeih@stanford.edu,Concettina,Demschke,Services
Flipopia,QgE-35,jbaskerfieldii@quantcast.com,Jessica,Baskerfield,Training
Realpoint,nYq-30,aaylenij@globo.com,Avril,Aylen,Sales
Tagchat,VWN-28,ealbrookik@sitemeter.com,Elsinore,Albrook,Services
Thoughtmix,6Au-17,jgianoloil@google.pl,Jemmie,Gianolo,Product Management
Feedmix,qum-96,eortonim@github.io,Emmi,Orton,Research and Development
Fatz,NYu-61,ewixeyin@angelfire.com,Eugenia,Wixey,Services
Quinu,nb1-23,dgannanio@mapquest.com,Devinne,Gannan,Legal
Plajo,tna-92,oashelfordip@go.com,Ofella,Ashelford,Human Resources
Edgeify,jFn-02,rcousheiq@examiner.com,Rena,Coushe,Engineering
Skivee,cqi-62,tdunhillir@irs.gov,Tallia,Dunhill,Training
Twinder,kTv-58,fkilmurryis@nba.com,Fanechka,Kilmurry,Product Management
Geba,d9h-39,awilshawit@livejournal.com,Arleyne,Wilshaw,Legal
Topiczoom,Ie6-51,lclyantiu@google.ca,Lorilyn,Clyant,Sales
Tagcat,Swo-10,pgookiv@economist.com,Pen,Gook,Sales
Jaxnation,eQn-14,lmuntiw@walmart.com,Liana,Munt,Business Development
Realbuzz,3tv-73,jcorzorix@youtube.com,Jorie,Corzor,Sales
Twitterbeat,KtC-60,bmayowiy@netvibes.com,Brianna,Mayow,Training
Edgewire,F8i-38,afrewiz@patch.com,Annadiana,Frew,Training
Yacero,fuk-87,dkalaherj0@berkeley.edu,Dorolice,Kalaher,Business Development
Twitterbridge,zyM-72,pjiruchj1@samsung.com,Peggie,Jiruch,Support
Mydeo,xF1-90,cmatasj2@newyorker.com,Charmane,Matas,Legal
Midel,7RU-90,rpynnj3@nhs.uk,Ronni,Pynn,Product Management
Youopia,X9B-16,tcohnj4@slate.com,Tate,Cohn,Support
Eayo,LTx-41,jdaltryj5@techcrunch.com,Jessika,Daltry,Business Development
Photobug,new-30,emalimj6@51.la,Eada,Malim,Legal
Cogilith,ci3-31,edovidianj7@springer.com,Elbertine,Dovidian,Engineering
Quimm,eQ4-78,hferrolij8@ed.gov,Harmonia,Ferroli,Human Resources
Quire,eFC-62,lborghesej9@aol.com,Lena,Borghese,Support
Photospace,XxX-25,apennaja@bloomberg.com,Annamaria,Penna,Engineering
Zoovu,BjA-55,jbollinijb@bloomberg.com,Jillana,Bollini,Marketing
Tambee,MwL-67,rbourdasjc@xing.com,Rochell,Bourdas,Support
Avamba,fqN-58,celintunejd@ucoz.ru,Clemmy,Elintune,Services
Skyvu,qy6-96,hronanje@studiopress.com,Hanny,Ronan,Business Development
Fiveclub,Yo0-96,cbroadyjf@liveinternet.ru,Catarina,Broady,Marketing
Mita,JA2-23,abolamjg@usa.gov,Anastasia,Bolam,Product Management
Quatz,kpz-70,jlatanjh@ed.gov,Jasmin,Latan,Training
Devcast,Tzt-63,rmatyji@godaddy.com,Rianon,Maty,Support
Youfeed,qU7-52,sorringejj@engadget.com,Sherri,Orringe,Sales
Eazzy,uPo-54,bzappeljk@reverbnation.com,Beret,Zappel,Services
Shufflebeat,rLW-16,wmadrejl@quantcast.com,Winni,Madre,Business Development
Brainlounge,Vsw-93,jbrindedjm@springer.com,Jennilee,Brinded,Sales
Yadel,efB-63,gpeacopjn@merriam-webster.com,Gratia,Peacop,Engineering
Rhyloo,S9S-01,oscantleburyjo@indiegogo.com,Ottilie,Scantlebury,Human Resources
Fanoodle,w8d-81,aborwickjp@marketwatch.com,Abbi,Borwick,Product Management
Edgepulse,P82-92,myoudjq@4shared.com,Magdalena,Youd,Support
Yadel,Bly-77,jrichjr@goo.ne.jp,Jamie,Rich,Accounting
Geba,ejm-29,aviversjs@skype.com,Anna-diane,Vivers,Accounting
Katz,Zit-19,odewberryjt@dmoz.org,Otha,Dewberry,Accounting
Wikivu,SJl-77,ekilmartinju@devhub.com,Evania,Kilmartin,Business Development
Feednation,JdT-36,rdransfieldjv@patch.com,Ryann,Dransfield,Human Resources
Babbleblab,qi8-99,aleeljw@si.edu,Amelita,Leel,Research and Development
Plajo,tzu-62,sgoldsteinjx@skype.com,Shane,Goldstein,Services
Topicblab,Csh-88,jpattullojy@youtube.com,Jena,Pattullo,Marketing
Kimia,Dkw-56,yfullagerjz@jugem.jp,Yoko,Fullager,Support
Gabtype,jQi-51,sextencek0@vistaprint.com,Sonia,Extence,Services
Teklist,hZB-11,smattiellik1@baidu.com,Sheeree,Mattielli,Product Management
Yabox,kgw-35,dpergensk2@qq.com,Dagmar,Pergens,Product Management
Feednation,Dku-39,mmccarlk3@sun.com,Marianne,McCarl,Legal
Yadel,8FS-63,jsennk4@dedecms.com,Joceline,Senn,Research and Development
Einti,X9W-22,kdumbrallk5@umn.edu,Kris,Dumbrall,Training
Rhybox,mFP-51,etabbittk6@shareasale.com,Elwira,Tabbitt,Research and Development
Jaxbean,LWF-03,ptregunnak7@globo.com,Paule,Tregunna,Product Management
Flashset,URM-97,dlenthallk8@rakuten.co.jp,Drucie,Lenthall,Human Resources
Innotype,fRR-03,pcochernk9@hostgator.com,Patricia,Cochern,Accounting
Skilith,U5l-38,rprebbleka@surveymonkey.com,Renell,Prebble,Engineering
Wordware,TZA-12,fschusterlkb@nasa.gov,Farrah,Schusterl,Engineering
LiveZ,YWH-42,cdanshinkc@zdnet.com,Camel,Danshin,Marketing
Yamia,Nix-54,coadeskd@dmoz.org,Charmain,Oades,Engineering
Zoovu,alY-60,rwhylerke@cdbaby.com,Rene,Whyler,Research and Development
Jabberstorm,aFw-06,fstammerskf@so-net.ne.jp,Florina,Stammers,Human Resources
Linkbridge,OIq-69,mbonnetkg@ibm.com,Marissa,Bonnet,Services
Brainbox,P8R-87,cklulisekkh@ed.gov,Cybil,Klulisek,Training
Skyble,MvN-16,aharriagnki@gmpg.org,Abbi,Harriagn,Sales
Kayveo,Hvn-22,dheakerkj@sciencedaily.com,Dareen,Heaker,Marketing
Yombu,KFA-75,ptammadgekk@mashable.com,Penelopa,Tammadge,Legal
Skalith,MYa-93,tmccalisterkl@is.gd,Tildy,McCalister,Human Resources
Blogspan,yWA-87,knewisskm@barnesandnoble.com,Kelci,Newiss,Sales
Livetube,cuN-88,amorotkn@bing.com,Adelle,Morot,Product Management
Brainlounge,Q7l-05,scumberpatchko@is.gd,Sofia,Cumberpatch,Product Management
Gabvine,OxI-36,aneaglekp@zimbio.com,Ardene,Neagle,Accounting
Realmix,usK-33,tfulopkq@deviantart.com,Theadora,Fulop,Engineering
Lajo,jdE-78,jredolfikr@businesswire.com,Justina,Redolfi,Accounting
Ooba,m36-50,lspatigks@lycos.com,Leandra,Spatig,Support
Realmix,G1H-69,kfissendenkt@sitemeter.com,Kristen,Fissenden,Research and Development
Twitterworks,nDX-92,abrittenku@geocities.com,Alfie,Britten,Support
Jamia,T9p-52,dpikesleykv@bing.com,Diahann,Pikesley,Legal
Zoomlounge,tK3-90,nacomekw@vk.com,Nannie,Acome,Accounting
Gevee,m20-08,kstofferskx@plala.or.jp,Karyn,Stoffers,Human Resources
Bubblebox,AH6-04,jghidiniky@sfgate.com,Jillene,Ghidini,Engineering
Midel,UqN-61,ljewettkz@merriam-webster.com,Leshia,Jewett,Marketing
Meezzy,j0d-38,jbiggerstaffl0@slideshare.net,Joyce,Biggerstaff,Research and Development
Trunyx,AaH-95,rgilesl1@godaddy.com,Robinett,Giles,Services
Quimm,6pK-90,jscollickl2@tripadvisor.com,Jilleen,Scollick,Research and Development
Mydeo,QGX-00,jecclestonl3@europa.eu,Janetta,Eccleston,Services
Yabox,KtI-30,bsanperl4@reference.com,Bobine,Sanper,Training
Cogilith,d2J-27,dpunchardl5@google.co.jp,Darelle,Punchard,Engineering
Avamba,oLc-57,krushfordl6@dropbox.com,Kerianne,Rushford,Support
Plajo,KYk-44,gmargerisonl7@reuters.com,Gail,Margerison,Product Management
Edgeclub,OnB-36,dmckernonl8@archive.org,Donella,McKernon,Marketing
Flashset,ppJ-48,fhubbocksl9@gnu.org,Frayda,Hubbocks,Product Management
Twimm,kHn-32,mmaccarterla@nih.gov,Maggy,MacCarter,Support
Skyvu,93I-13,mkeeffelb@slashdot.org,Myrtice,Keeffe,Accounting
Linkbridge,Suq-52,llinaylc@behance.net,Larissa,Linay,Human Resources
Skilith,wGf-13,yborrowld@examiner.com,Yoshiko,Borrow,Accounting
Jaxspan,tfg-48,flawransonle@google.com.au,Fredra,Lawranson,Business Development
DabZ,f4b-53,lconduitlf@addthis.com,Layla,Conduit,Accounting
Brightbean,9De-02,cwebbelg@chicagotribune.com,Carlee,Webbe,Marketing
Vimbo,zZn-61,monelelh@meetup.com,Marti,Onele,Research and Development
Riffpath,Fss-75,mreaceli@a8.net,Marion,Reace,Product Management
Mita,X4C-42,rochiltreelj@smh.com.au,Ranee,Ochiltree,Human Resources
Kayveo,i0w-31,lbarffordlk@japanpost.jp,Lezlie,Barfford,Sales
Realmix,JIG-25,fboynesll@goodreads.com,Fina,Boynes,Marketing
Agivu,0vZ-04,cniessenlm@seattletimes.com,Corella,Niessen,Accounting
Meembee,MI6-88,scastagnaln@nymag.com,Selia,Castagna,Services
Gabtune,WAB-48,cblanchlo@yandex.ru,Clarisse,Blanch,Accounting
Youopia,UDw-30,qlillicroplp@hc360.com,Quinta,Lillicrop,Product Management
Tagpad,lON-60,bohearnlq@npr.org,Bryn,O'Hearn,Human Resources
Yadel,ucR-72,ebenzalr@clickbank.net,Elle,Benza,Accounting
Yata,yzN-08,rfishlyls@aboutads.info,Rozella,Fishly,Engineering
Minyx,QyP-56,dstuttelt@independent.co.uk,Dodi,Stutte,Business Development
Trudeo,LVu-44,amcculloghlu@cnbc.com,Angy,McCullogh,Services
Topicshots,9Es-81,jsturdgesslv@illinois.edu,Jacquelynn,Sturdgess,Engineering
Demivee,fcU-61,kbenoixlw@godaddy.com,Karena,Benoix,Human Resources
Livetube,tE3-66,etupielx@craigslist.org,Ermina,Tupie,Legal
Zoovu,4Uq-22,creimerly@ihg.com,Charlene,Reimer,Research and Development
Flashdog,EcM-79,clillimanlz@bbc.co.uk,Cymbre,Lilliman,Engineering
Myworks,Ukd-01,bridderm0@spiegel.de,Bree,Ridder,Accounting
Edgeify,hns-64,dchristiem1@xing.com,Dorise,Christie,Business Development
Skyvu,7sq-32,lgiacopazzim2@1688.com,Linnie,Giacopazzi,Services
Meeveo,zbx-82,mscollickm3@blogs.com,Maureene,Scollick,Business Development
Brightbean,iuc-15,mmoninim4@disqus.com,Meridel,Monini,Engineering
Geba,tZX-14,kyouelm5@mozilla.com,Kaitlynn,Youel,Product Management
Snaptags,I1i-14,skinniem6@scribd.com,Steffie,Kinnie,Product Management
Skyvu,lBB-48,askalam7@marketwatch.com,Abigael,Skala,Legal
Youfeed,mOW-61,rlivingstonem8@economist.com,Raquela,Livingstone,Accounting
Flashpoint,jgw-88,gbalnavem9@myspace.com,Gabbie,Balnave,Accounting
Skimia,Ez7-40,aderuggieroma@google.com.br,Audre,De Ruggiero,Research and Development
Voolith,dQ5-98,athreadgoldmb@gnu.org,Ann-marie,Threadgold,Business Development
Riffpedia,IGv-66,ndanesmc@tinyurl.com,Nance,Danes,Business Development
Quinu,JCz-32,dmccloshmd@ca.gov,Danice,McClosh,Accounting
Yabox,I1Y-68,khryniewickime@ask.com,Kirsteni,Hryniewicki,Engineering
Kimia,dqo-07,emessagemf@vkontakte.ru,Ellie,Message,Business Development
Podcat,Tub-47,ebullmanmg@hostgator.com,Em,Bullman,Accounting
LiveZ,BpR-90,njantonmh@51.la,Nonie,Janton,Engineering
Jabbertype,Xk7-88,pexallmi@privacy.gov.au,Paulette,Exall,Accounting
Mynte,QzQ-73,dlisamoremj@goodreads.com,Darelle,Lisamore,Training
Pixonyx,ZxO-30,rbuckleymk@bravesites.com,Ruthann,Buckley,Sales
Fiveclub,nvG-34,celsomml@go.com,Cherida,Elsom,Legal
Thoughtblab,lsF-93,jpinelmm@jimdo.com,Jacquette,Pinel,Support
Blogtag,mL0-21,dpurbrickmn@vk.com,Dosi,Purbrick,Training
Dazzlesphere,iap-95,dperrinsmo@jigsy.com,Deirdre,Perrins,Legal
Oyoloo,3z2-97,jcreesemp@ovh.net,Joellen,Creese,Training
Fivechat,Zuv-62,hgladdismq@fc2.com,Halli,Gladdis,Services
Shufflester,CAp-83,wberthouloumemr@cmu.edu,Winna,Berthouloume,Engineering
Rhyzio,tzB-78,kguntonms@nsw.gov.au,Koren,Gunton,Legal
Gabvine,Pbr-52,nbenemt@seattletimes.com,Nell,Bene,Marketing
Yambee,VGw-67,lgirardetmu@army.mil,Libby,Girardet,Human Resources
Photofeed,SJv-55,ehicklingbottommv@fda.gov,Ezmeralda,Hicklingbottom,Sales
Bluezoom,gir-95,jleithermw@parallels.com,Jolyn,Leither,Services
Zoomcast,NVf-54,jwinbornmx@fotki.com,Juditha,Winborn,Services
Ozu,Wd8-96,dberntssonmy@technorati.com,Dido,Berntsson,Human Resources
Talane,7mc-25,skleynmz@yelp.com,Stormi,Kleyn,Product Management
Voolith,djK-52,scongramn0@dyndns.org,Sidonnie,Congram,Legal
Jabbercube,ffK-32,rsamblesn1@vkontakte.ru,Raychel,Sambles,Legal
Oyoyo,F1m-82,tmaureenn2@ox.ac.uk,Tine,Maureen,Research and Development
Wordtune,iwh-54,ctellenbachn3@fc2.com,Carola,Tellenbach,Accounting
Realfire,onY-14,ljanaudn4@t-online.de,Lisabeth,Janaud,Marketing
Jayo,Ge9-86,tbarrowsn5@icq.com,Tamar,Barrows,Accounting
Linkbuzz,y3t-29,jandriveln6@myspace.com,Jolie,Andrivel,Marketing
Omba,krx-45,vphillpn7@sitemeter.com,Vivie,Phillp,Business Development
Oyonder,XJR-03,nandressern8@fotki.com,Norene,Andresser,Research and Development
Yodel,gCh-62,aortelln9@imgur.com,Atlante,Ortell,Accounting
Tagchat,eU0-70,vkaesmansna@amazon.de,Veronike,Kaesmans,Marketing
Janyx,7H7-45,kcasettinb@cam.ac.uk,Kassi,Casetti,Legal
Photojam,6Hu-46,wrahlnc@seattletimes.com,Wrennie,Rahl,Human Resources
Kazu,wfi-36,rjohnesnd@arizona.edu,Roxane,Johnes,Marketing
Linkbridge,Iv8-53,jdyterne@tumblr.com,Janela,Dyter,Legal
Rooxo,97a-79,acoppledikenf@unc.edu,Agnella,Coppledike,Human Resources
Gabtype,Mb1-82,jbedbroughng@chronoengine.com,Jenny,Bedbrough,Marketing
Wordware,RRB-52,cchasemorenh@nih.gov,Clareta,Chasemore,Legal
Topdrive,K6n-07,vfarrani@indiatimes.com,Vivie,Farra,Research and Development
Oyoloo,kt0-29,afribergnj@simplemachines.org,Anastasia,Friberg,Engineering
Quimm,cgC-67,aedgettnk@cam.ac.uk,Alane,Edgett,Legal
Ntags,bOZ-96,nsimionnl@printfriendly.com,Nannette,Simion,Research and Development
Myworks,iVb-20,ejachimiaknm@comsenz.com,Enrica,Jachimiak,Marketing
Zoomcast,NsR-83,mmuneelynn@trellian.com,Marys,Muneely,Human Resources
Oyonder,ot7-44,rbalstoneno@marketwatch.com,Remy,Balstone,Sales
Podcat,SPL-69,mlocardnp@salon.com,Mabelle,Locard,Engineering
Wordware,fs2-71,asprowellnq@soundcloud.com,Anselma,Sprowell,Marketing
Thoughtstorm,YQ1-24,dsnarrnr@livejournal.com,Dyana,Snarr,Support
Mycat,e2u-49,dmuckleyns@live.com,Dorelle,Muckley,Support
Devcast,gPb-89,nfrancombnt@moonfruit.com,Neysa,Francomb,Business Development
Skajo,Yk9-47,rlovettnu@scribd.com,Ronna,Lovett,Business Development
Gigabox,bzR-40,klymernv@loc.gov,Kris,Lymer,Accounting
Quinu,10x-79,gkleinsingernw@sohu.com,Gaby,Kleinsinger,Engineering
Topiclounge,LBs-82,fthomblesonnx@whitehouse.gov,Florencia,Thombleson,Product Management
Plajo,RJc-72,mshorieny@ucsd.edu,Maureene,Shorie,Training
Skiba,lK0-17,akhidrnz@sciencedaily.com,Aimee,Khidr,Support
Yadel,LAr-91,imorelando0@google.co.uk,Idalina,Moreland,Marketing
Thoughtworks,hZC-85,dtoppino1@issuu.com,Devora,Toppin,Engineering
Twitternation,GPM-62,tgomeso2@pen.io,Tanhya,Gomes,Human Resources
Twitterworks,RGq-91,swanklyno3@newsvine.com,Sella,Wanklyn,Support
Quatz,4wK-55,ccantoo4@pcworld.com,Charissa,Canto,Support
Eayo,GCz-79,tdesporteo5@baidu.com,Trudey,Desporte,Legal
Yodo,Dgp-53,mkipplingo6@slideshare.net,Maxy,Kippling,Sales
Thoughtsphere,nl0-49,cschwiesoo7@buzzfeed.com,Corabella,Schwieso,Business Development
Ooba,h5x-34,bserrello8@mac.com,Bree,Serrell,Support
Cogidoo,VzM-50,cglowachao9@altervista.org,Chrystal,Glowacha,Research and Development
Brightdog,2ON-64,bbreacheoa@irs.gov,Benoite,Breache,Training
Zooveo,fNR-41,jheightonob@ifeng.com,Josy,Heighton,Services
Skiptube,Au6-46,rbylesoc@phoca.cz,Rosie,Byles,Accounting
Podcat,7n5-23,bphippenod@sfgate.com,Brandie,Phippen,Training
Twinder,AmQ-58,lturoneoe@livejournal.com,Lanita,Turone,Legal
Meezzy,Ds4-86,bfifootof@miibeian.gov.cn,Bethena,Fifoot,Legal
Edgeify,BjG-40,teakensog@china.com.cn,Terra,Eakens,Services
BlogXS,kIF-13,dmarieloh@nih.gov,Danna,Mariel,Support
Shuffledrive,ggc-54,macremanoi@dot.gov,Michell,Acreman,Legal
Tagpad,DqU-02,lchamberlaineoj@ameblo.jp,Laurena,Chamberlaine,Legal
Devcast,hQw-68,vcaveok@deviantart.com,Virgina,Cave,Engineering
Teklist,Jvy-51,jblackaderol@foxnews.com,Jorie,Blackader,Engineering
Oloo,d74-94,hcranefieldom@vk.com,Heath,Cranefield,Business Development
Realbuzz,HfN-66,tbutchardon@howstuffworks.com,Tiffie,Butchard,Sales
Thoughtbridge,ync-97,avanhalleoo@mashable.com,Anissa,Van Halle,Marketing
Jazzy,Wb2-25,bcoulsonop@yahoo.co.jp,Babs,Coulson,Sales
Yakidoo,fNF-37,gpopeleyoq@usatoday.com,Goldina,Popeley,Support
Ainyx,zch-53,kloador@cbsnews.com,Krissie,Load,Sales
Bluezoom,2JG-93,mcrainos@disqus.com,Marika,Crain,Product Management
Gabspot,kUb-69,kmcmylerot@phpbb.com,Kamillah,McMyler,Research and Development
Photofeed,wKW-40,lcheerou@example.com,Laverne,Cheer,Support
Ntags,0OR-05,pkelsellov@pcworld.com,Philippine,Kelsell,Product Management
Rhyzio,vzn-66,lcicuttoow@vistaprint.com,Linnell,Cicutto,Research and Development
Dynabox,bhm-65,hnottinghamox@samsung.com,Halie,Nottingham,Support
Jabberstorm,SzI-24,jsearjeantoy@mediafire.com,Jessamine,Searjeant,Legal
Vinder,Lr1-43,rwillcockoz@ameblo.jp,Rica,Willcock,Business Development
Twinte,C9A-01,abarratp0@constantcontact.com,Aida,Barrat,Training
Feedfire,Lsu-24,lcurrinp1@creativecommons.org,Lyndsay,Currin,Support
Ooba,zXm-89,kgoldinp2@webmd.com,Kim,Goldin,Services
Edgepulse,S8W-41,cmortlockp3@oakley.com,Celka,Mortlock,Business Development
Camido,MJl-62,ptolworthp4@hud.gov,Patti,Tolworth,Training
Skilith,WEy-18,jlankfordp5@plala.or.jp,Junie,Lankford,Sales
Jaxnation,Kek-13,kplesterp6@slate.com,Kathleen,Plester,Engineering
Feedmix,msS-79,drumfordp7@sitemeter.com,Dulcine,Rumford,Business Development
Vipe,Atb-40,rhammantp8@ovh.net,Ray,Hammant,Marketing
Trudoo,6mr-84,nedlynep9@plala.or.jp,Nolana,Edlyne,Training
Jabbertype,P1U-34,vnyspa@cnbc.com,Vivie,Nys,Sales
Oyoyo,yyd-25,sbraunepb@illinois.edu,Sibylle,Braune,Research and Development
Tagcat,MOH-62,tbaldonipc@seesaa.net,Trudy,Baldoni,Product Management
Ooba,2YW-87,nnorvillpd@eepurl.com,Noella,Norvill,Human Resources
Quinu,ayg-46,eclemmittpe@wisc.edu,Evey,Clemmitt,Research and Development
Twitterbeat,ISv-65,ldemeispf@indiegogo.com,Lorinda,De Meis,Engineering
Zoonoodle,LYq-43,jkemmispg@ox.ac.uk,Janeva,Kemmis,Legal
Wordtune,OnM-75,otopleyph@opensource.org,Ondrea,Topley,Marketing
Mynte,5Of-11,dhaugheypi@sun.com,Demetris,Haughey,Support
Eadel,NBn-68,lthiempj@gov.uk,Lyndsay,Thiem,Training
Plajo,GSV-38,fbynertpk@scientificamerican.com,Faunie,Bynert,Services
Skimia,gVw-01,mfurmagepl@miibeian.gov.cn,Misti,Furmage,Product Management
Oyonder,Qc5-47,hpasquepm@wsj.com,Harriet,Pasque,Product Management
Jaxspan,As3-33,jcasarinopn@elegantthemes.com,Jo-anne,Casarino,Marketing
Tekfly,a0d-46,sgounelpo@imgur.com,Sunny,Gounel,Human Resources
Realmix,HSt-05,mdumphreypp@pen.io,Maryellen,Dumphrey,Marketing
Skyvu,RpK-24,mmattiassipq@fda.gov,Mora,Mattiassi,Engineering
Oyoyo,Ex5-04,btweedlepr@noaa.gov,Betta,Tweedle,Business Development
Skimia,QNn-25,hdomesdayps@sohu.com,Happy,Domesday,Business Development
LiveZ,9kq-00,kgoldstonept@google.com,Karole,Goldstone,Training
Topiczoom,aBW-32,dhousemanpu@webeden.co.uk,Doris,Houseman,Human Resources
Shufflebeat,lRm-19,tmidduppv@t-online.de,Tamqrah,Middup,Marketing
Divanoodle,fHl-95,klowellpw@nature.com,Kathlin,Lowell,Engineering
Shufflebeat,xQI-31,srommepx@ed.gov,Storm,Romme,Services
Feedmix,PwL-39,hgatuspy@ebay.com,Hildy,Gatus,Product Management
Dynabox,6ow-48,tocarranpz@gov.uk,Tawnya,O'Carran,Business Development
Skinix,xY1-13,bbottrellq0@taobao.com,Bobine,Bottrell,Engineering
Vinte,OJp-24,mbussonsq1@sakura.ne.jp,Mikaela,Bussons,Accounting
Innotype,Jj9-97,mmadginq2@ameblo.jp,Morgen,Madgin,Human Resources
Geba,kIi-01,scabelq3@shutterfly.com,Sydney,Cabel,Business Development
Eidel,Sie-89,xreglerq4@pen.io,Xylia,Regler,Business Development
Thoughtstorm,gZQ-89,ilarrattq5@about.com,Ingaborg,Larratt,Engineering
Kwimbee,JvF-69,prohanq6@latimes.com,Peg,Rohan,Engineering
Digitube,tC9-26,useyq7@exblog.jp,Ursala,Sey,Human Resources
Linkbridge,bbQ-58,mudaleq8@acquirethisname.com,Merna,Udale,Legal
Tagopia,9GB-34,sklemencicq9@ehow.com,Sharyl,Klemencic,Training
Quimba,8Pg-18,ehantonqa@soup.io,Elnora,Hanton,Sales
Jazzy,LAt-14,rlabaqb@drupal.org,Rori,Laba,Support
Edgeblab,b6y-05,mmulveyqc@bravesites.com,Mickie,Mulvey,Training
Bubblebox,voI-18,gleadstoneqd@oakley.com,Gerti,Leadstone,Accounting
Kazu,ztS-30,rbullardqe@adobe.com,Rasia,Bullard,Services
Mybuzz,wBk-12,aribeyqf@craigslist.org,Alexis,Ribey,Engineering
Quimm,26j-03,jfishpondqg@macromedia.com,Jazmin,Fishpond,Sales
DabZ,Shv-85,djouanotqh@virginia.edu,Danika,Jouanot,Product Management
Teklist,EUl-94,kvenartqi@topsy.com,Kimberly,Venart,Business Development
Thoughtstorm,EDp-45,jprazorqj@i2i.jp,Jessa,Prazor,Support
Eire,4j8-48,joreillyqk@slashdot.org,Joela,O'Reilly,Human Resources
Yabox,BrR-41,smuglestonql@blogspot.com,Stephani,Mugleston,Legal
Rhynoodle,0NK-88,gstairqm@dailymotion.com,Ginevra,Stair,Engineering
Mydo,Eb7-75,mputleyqn@free.fr,Marylinda,Putley,Research and Development
InnoZ,e5i-88,bhurdedgeqo@mysql.com,Benedikta,Hurdedge,Support
Skimia,IW7-42,nalessandoneqp@ycombinator.com,Nat,Alessandone,Sales
Mybuzz,e8l-42,amarinqq@yelp.com,Alta,Marin,Marketing
Rhynyx,f4x-92,kjerromqr@instagram.com,Koral,Jerrom,Legal
Pixonyx,ZaF-58,iparkqs@biglobe.ne.jp,Imogene,Park,Accounting
Vinder,jnj-29,lvokinsqt@networkadvertising.org,Lu,Vokins,Human Resources
Quimba,Woz-11,vbeldumqu@intel.com,Vita,Beldum,Product Management
Jabbersphere,27l-25,cgammidgeqv@ucsd.edu,Charil,Gammidge,Human Resources
Edgetag,TQe-65,gblazdellqw@free.fr,Gusella,Blazdell,Support
Rhynoodle,eQY-02,ibrannqx@webmd.com,Inge,Brann,Marketing
Jabbercube,f6X-21,fsearightqy@jiathis.com,Florence,Searight,Sales
Katz,K3k-15,fmaddrellqz@earthlink.net,Fae,Maddrell,Services
Photojam,a8E-36,landreoner0@constantcontact.com,Lenette,Andreone,Engineering
Devify,ri1-05,nreimsr1@xinhuanet.com,Nellie,Reims,Legal
Edgewire,FXe-75,mkearsr2@forbes.com,Matelda,Kears,Marketing
Eare,5jA-81,kgennyr3@opensource.org,Kaila,Genny,Product Management
Zoombox,626-44,fmckitterickr4@imdb.com,Fidelity,McKitterick,Accounting
Fanoodle,l80-88,vweatherdonr5@php.net,Velvet,Weatherdon,Business Development
Blogtag,Nu8-79,sboickr6@google.cn,Shandra,Boick,Marketing
Buzzbean,uCl-36,jgypsonr7@hhs.gov,Jacintha,Gypson,Business Development
Photobug,1N5-83,adunlear8@adobe.com,Alyss,Dunlea,Research and Development
Wikibox,EK6-91,mcorderor9@newyorker.com,Maxy,Cordero,Engineering
Mynte,R6W-50,mcolquittra@tamu.edu,Marquita,Colquitt,Human Resources
Blognation,QgG-74,kcowherdrb@histats.com,Karlene,Cowherd,Training
Vipe,7iq-22,jworrallrc@unc.edu,Junia,Worrall,Support
Zoomdog,xQp-01,cwelbrockrd@liveinternet.ru,Clio,Welbrock,Engineering
Mydeo,PDs-00,mmaccheynere@flavors.me,Marni,MacCheyne,Services
Linkbuzz,R3R-23,tsaintepaulrf@go.com,Terrye,Sainte Paul,Business Development
Realcube,h6M-23,kdooheyrg@gnu.org,Kellie,Doohey,Legal
Zoomzone,yrU-63,vdisdelrh@google.it,Vilhelmina,Disdel,Product Management
Babbleblab,4Kg-59,mgaskenri@prweb.com,Merrie,Gasken,Sales
Zoombeat,6mx-90,nwandrichrj@miibeian.gov.cn,Nanon,Wandrich,Training
Fliptune,lnM-86,tllywarchrk@dailymail.co.uk,Tamqrah,Llywarch,Sales
Devify,HUN-55,fpilgramrl@multiply.com,Farah,Pilgram,Legal
JumpXS,RFk-11,nkoenerm@alexa.com,Ninon,Koene,Human Resources
Vidoo,hiu-83,ajaneczekrn@ovh.net,Alikee,Janeczek,Research and Development
Twiyo,XDi-40,learyro@usatoday.com,Lebbie,Eary,Human Resources
Oozz,f8H-92,moverlowrp@opera.com,Mabelle,Overlow,Services
Leexo,n1d-98,bsurgenrq@tripadvisor.com,Bevvy,Surgen,Support
Skyble,2u5-04,rpurslowrr@discovery.com,Riva,Purslow,Research and Development
